time	file	region	chart	severity	ml_ok	monodromy_phase	pole_distance	gen_entropy	g1_m6	g2_hh2	g3_ger	g4_cup	g5_deriv	g6_ihara
1	ainf_export_1779049262.93.json	sAMY	m6	42683592519060608.0000	true	1.2268	0.0000	0.0000	42683592519060608.0000	0.0000	0.0000	0.0000	0.0000	0.0000
2	ainf_export_1779049273.60.json	sAMY	m6	596593388214214016.0000	true	1.2268	0.0000	0.0000	596593388214214016.0000	0.0000	0.0000	0.0000	0.0000	0.0000
3	ainf_export_1779049284.39.json	sAMY	m6	7937272525785508864.0000	true	1.2268	0.0000	-0.0000	7937272525785508864.0000	0.0000	0.0000	0.0000	0.0000	0.0000
4	ainf_export_1779049295.83.json	sAMY	m6	4258193070791396864.0000	true	1.2268	0.0000	0.0000	4258193070791396864.0000	0.0000	0.0000	0.0000	0.0000	0.0000
5	ainf_export_1779049307.74.json	sAMY	m6	448707985717022976.0000	true	1.2268	0.0000	-0.0000	448707985717022976.0000	0.0000	0.0000	0.0000	0.0000	0.0000
6	ainf_export_1779049319.77.json	sAMY	m6	8215830642399704064.0000	true	1.2268	0.0000	-0.0000	8215830642399704064.0000	0.0000	0.0000	0.0000	0.0000	0.0000
7	ainf_export_1779049332.19.json	sAMY	m6	11050927451643152384.0000	true	1.2268	0.0000	-0.0000	11050927451643152384.0000	0.0000	0.0000	0.0000	0.0000	0.0000
8	ainf_export_1779049343.46.json	sAMY	m6	4640633041301176320.0000	true	1.2268	0.0000	-0.0000	4640633041301176320.0000	0.0000	0.0000	0.0000	0.0000	0.0000
9	ainf_export_1779049354.55.json	sAMY	m6	3001553211146911232.0000	true	1.2268	0.0000	0.0000	3001553211146911232.0000	0.0000	0.0000	0.0000	0.0000	0.0000
10	ainf_export_1779049365.72.json	sAMY	m6	2925570198210404352.0000	true	1.2268	0.0000	-0.0000	2925570198210404352.0000	0.0000	0.0000	0.0000	0.0000	0.0000
11	ainf_export_1779049376.73.json	sAMY	m6	5481078265491202048.0000	true	1.2268	0.0000	0.0000	5481078265491202048.0000	0.0000	0.0000	0.0000	0.0000	0.0000
12	ainf_export_1779049387.69.json	sAMY	m6	4341543076702838272.0000	true	1.2268	0.0000	-0.0000	4341543076702838272.0000	0.0000	0.0000	0.0000	0.0000	0.0000
13	ainf_export_1779049398.64.json	sAMY	m6	3964742184897865728.0000	true	1.2268	0.0000	0.0000	3964742184897865728.0000	0.0000	0.0000	0.0000	0.0000	0.0000
14	ainf_export_1779049409.65.json	sAMY	m6	1399751729571796480.0000	true	1.2268	0.0000	-0.0000	1399751729571796480.0000	0.0000	0.0000	0.0000	0.0000	0.0000
15	ainf_export_1779049420.93.json	sAMY	m6	2365991511792113664.0000	true	1.2268	0.0000	-0.0000	2365991511792113664.0000	0.0000	0.0000	0.0000	0.0000	0.0000
16	ainf_export_1779049431.92.json	sAMY	m6	1846164727881234688.0000	true	1.2268	0.0000	-0.0000	1846164727881234688.0000	0.0000	0.0000	0.0000	0.0000	0.0000
17	ainf_export_1779049442.82.json	sAMY	m6	1422728398018737408.0000	true	1.2268	0.0000	-0.0000	1422728398018737408.0000	0.0000	0.0000	0.0000	0.0000	0.0000
18	ainf_export_1779049453.77.json	sAMY	m6	1105511899742646528.0000	true	1.2268	0.0000	0.0000	1105511899742646528.0000	0.0000	0.0000	0.0000	0.0000	0.0000
19	ainf_export_1779049464.69.json	sAMY	m6	446880659408789888.0000	true	1.2268	0.0000	-0.0000	446880659408789888.0000	0.0000	0.0000	0.0000	0.0000	0.0000
20	ainf_export_1779049475.78.json	sAMY	m6	425202814662507648.0000	true	1.2268	0.0000	-0.0000	425202814662507648.0000	0.0000	0.0000	0.0000	0.0000	0.0000
21	ainf_export_1779049486.64.json	sAMY	m6	278249726057069952.0000	true	1.2268	0.0000	-0.0000	278249726057069952.0000	0.0000	0.0000	0.0000	0.0000	0.0000
22	ainf_export_1779049497.55.json	sAMY	m6	21849731983049040.0000	true	1.2268	0.0000	-0.0000	21849731983049040.0000	0.0000	0.0000	0.0000	0.0000	0.0000
23	ainf_export_1779049508.49.json	sAMY	m6	16430266354959512.0000	true	1.2268	0.0000	-0.0000	16430266354959512.0000	0.0000	0.0000	0.0000	0.0000	0.0000
24	ainf_export_1779049519.44.json	sAMY	m6	34639675061258536.0000	true	1.2268	0.0000	-0.0000	34639675061258536.0000	0.0000	0.0000	0.0000	0.0000	0.0000
25	ainf_export_1779049530.32.json	sAMY	m6	30300023060340948.0000	true	1.2268	0.0000	0.0000	30300023060340948.0000	0.0000	0.0000	0.0000	0.0000	0.0000
26	ainf_export_1779049541.23.json	sAMY	m6	27557769874904612.0000	true	1.2268	0.0000	-0.0000	27557769874904612.0000	0.0000	0.0000	0.0000	0.0000	0.0000
27	ainf_export_1779049552.10.json	sAMY	m6	42562859541190840.0000	true	1.2268	0.0000	-0.0000	42562859541190840.0000	0.0000	0.0000	0.0000	0.0000	0.0000
28	ainf_export_1779049562.89.json	sAMY	m6	66065634459057016.0000	true	1.2268	0.0000	-0.0000	66065634459057016.0000	0.0000	0.0000	0.0000	0.0000	0.0000
29	ainf_export_1779049573.72.json	sAMY	m6	58990051371171152.0000	true	1.2268	0.0000	0.0000	58990051371171152.0000	0.0000	0.0000	0.0000	0.0000	0.0000
30	ainf_export_1779049584.56.json	sAMY	m6	3485597832254796.5000	true	1.2268	0.0000	-0.0000	3485597832254796.5000	0.0000	0.0000	0.0000	0.0000	0.0000
31	ainf_export_1779049595.40.json	sAMY	m6	652334545282992.8750	true	1.2268	0.0000	0.0000	652334545282992.8750	0.0000	0.0000	0.0000	0.0000	0.0000
32	ainf_export_1779049606.23.json	sAMY	m6	561224211907219.8750	true	1.2268	0.0000	-0.0000	561224211907219.8750	0.0000	0.0000	0.0000	0.0000	0.0000
33	ainf_export_1779049617.01.json	sAMY	m6	462484404064828.6250	true	1.2268	0.0000	-0.0000	462484404064828.6250	0.0000	0.0000	0.0000	0.0000	0.0000
34	ainf_export_1779049627.81.json	sAMY	m6	430340311475306.6250	true	1.2268	0.0000	-0.0000	430340311475306.6250	0.0000	0.0000	0.0000	0.0000	0.0000
35	ainf_export_1779049638.75.json	sAMY	m6	50928269809357.1016	true	1.2268	0.0000	0.0000	50928269809357.1016	0.0000	0.0000	0.0000	0.0000	0.0000
36	ainf_export_1779049649.63.json	sAMY	m6	2157847873976.6665	true	1.2268	0.0000	-0.0000	2157847873976.6665	0.0000	0.0000	0.0000	0.0000	0.0000
37	ainf_export_1779049660.47.json	sAMY	m6	1557211366384.4314	true	1.2268	0.0000	-0.0000	1557211366384.4314	0.0000	0.0000	0.0000	0.0000	0.0000
38	ainf_export_1779049671.31.json	sAMY	m6	92308192878.3672	true	1.2268	0.0000	-0.0000	92308192878.3672	0.0000	0.0000	0.0000	0.0000	0.0000
39	ainf_export_1779049682.19.json	sAMY	m6	24670068141.7171	true	2.1386	0.0000	-0.0000	24670068141.7171	0.0000	0.0000	0.0000	0.0000	0.0000
40	ainf_export_1779049692.98.json	sAMY	m6	20526037799.2578	true	2.1386	0.0000	-0.0000	20526037799.2578	0.0000	0.0000	0.0000	0.0000	0.0000
41	ainf_export_1779049703.81.json	sAMY	m6	8713794196.0585	true	2.1386	0.0000	-0.0000	8713794196.0585	0.0000	0.0000	0.0000	0.0000	0.0000
42	ainf_export_1779049714.64.json	sAMY	m6	8526853723.8104	true	2.1386	0.0000	-0.0000	8526853723.8104	0.0000	0.0000	0.0000	0.0000	0.0000
43	ainf_export_1779049725.55.json	sAMY	m6	2420193446.8589	true	2.1386	0.0000	-0.0000	2420193446.8589	0.0000	0.0000	0.0000	0.0000	0.0000
44	ainf_export_1779049737.31.json	sAMY	m6	3962344995.5894	true	2.1386	0.0000	-0.0000	3962344995.5894	0.0000	0.0000	0.0000	0.0000	0.0000
45	ainf_export_1779049748.56.json	sAMY	m6	9650718113.2217	true	2.1386	0.0000	0.0000	9650718113.2217	0.0000	0.0000	0.0000	0.0000	0.0000
46	ainf_export_1779049759.51.json	sAMY	m6	1032188054.3462	true	2.1386	0.0000	0.0000	1032188054.3462	0.0000	0.0000	0.0000	0.0000	0.0000
47	ainf_export_1779049770.43.json	sAMY	m6	4725747202.3116	true	2.1386	0.0000	0.0000	4725747202.3116	0.0000	0.0000	0.0000	0.0000	0.0000
48	ainf_export_1779049781.43.json	sAMY	m6	3623384556.4450	true	2.1386	0.0000	-0.0000	3623384556.4450	0.0000	0.0000	0.0000	0.0000	0.0000
49	ainf_export_1779049792.37.json	sAMY	m6	2135548762.9512	true	2.1386	0.0000	-0.0000	2135548762.9512	0.0000	0.0000	0.0000	0.0000	0.0000
50	ainf_export_1779049803.35.json	sAMY	m6	622788124.5788	true	2.1386	0.0000	-0.0000	622788124.5788	0.0000	0.0000	0.0000	0.0000	0.0000
51	ainf_export_1779049814.31.json	sAMY	m6	853699592.6590	true	2.1386	0.0000	-0.0000	853699592.6590	0.0000	0.0000	0.0000	0.0000	0.0000
52	ainf_export_1779049825.20.json	sAMY	m6	424784778.8169	true	2.1386	0.0000	0.0000	424784778.8169	0.0000	0.0000	0.0000	0.0000	0.0000
53	ainf_export_1779049836.20.json	sAMY	m6	920395.0044	true	2.1386	0.0000	0.0000	920395.0044	0.0000	0.0000	0.0000	0.0000	0.0000
54	ainf_export_1779049847.13.json	sAMY	m6	2713.8737	true	2.1386	0.0000	-0.0000	2713.8737	0.0000	0.0000	0.0000	0.0000	0.0000
55	ainf_export_1779049858.12.json	sAMY	m6	853.8274	true	2.1386	0.0000	-0.0000	853.8274	0.0000	0.0000	0.0000	0.0000	0.0000
56	ainf_export_1779049869.24.json	sAMY	m6	1261.5726	true	2.1386	0.0000	-0.0000	1261.5726	0.0000	0.0000	0.0000	0.0000	0.0000
57	ainf_export_1779049880.17.json	sAMY	m6	1375.9562	true	2.1386	0.0000	0.0000	1375.9562	0.0000	0.0000	0.0000	0.0000	0.0000
58	ainf_export_1779049891.15.json	sAMY	m6	1380.9877	true	2.1386	0.0000	-0.0000	1380.9877	0.0000	0.0000	0.0000	0.0000	0.0000
59	ainf_export_1779049902.00.json	sAMY	m6	1384.3555	true	2.1386	0.0000	-0.0000	1384.3555	0.0000	0.0000	0.0000	0.0000	0.0000
60	ainf_export_1779049912.83.json	sAMY	m6	1352.8046	true	2.1386	0.0000	0.0000	1352.8046	0.0000	0.0000	0.0000	0.0000	0.0000
61	ainf_export_1779049923.71.json	sAMY	m6	1287.3786	true	2.1386	0.0000	0.0000	1287.3786	0.0000	0.0000	0.0000	0.0000	0.0000
62	ainf_export_1779049934.64.json	sAMY	m6	1174.2383	true	2.1386	0.0000	0.0000	1174.2383	0.0000	0.0000	0.0000	0.0000	0.0000
63	ainf_export_1779049946.06.json	sAMY	m6	933.7213	true	2.1386	0.0000	-0.0000	933.7213	0.0000	0.0000	0.0000	0.0000	0.0000
64	ainf_export_1779049957.41.json	sAMY	m6	1151.5408	true	2.1386	0.0000	-0.0000	1151.5408	0.0000	0.0000	0.0000	0.0000	0.0000
65	ainf_export_1779049968.50.json	sAMY	m6	5366.6993	true	2.1386	0.0000	0.0000	5366.6993	0.0000	0.0000	0.0000	0.0000	0.0000
66	ainf_export_1779049979.50.json	sAMY	m6	890.6102	true	2.1386	0.0000	-0.0000	890.6102	0.0000	0.0000	0.0000	0.0000	0.0000
67	ainf_export_1779049990.50.json	sAMY	m6	2956.7280	true	2.1386	0.0000	-0.0000	2956.7280	0.0000	0.0000	0.0000	0.0000	0.0000
68	ainf_export_1779050001.46.json	sAMY	m6	2109.3969	true	2.1386	0.0000	-0.0000	2109.3969	0.0000	0.0000	0.0000	0.0000	0.0000
69	ainf_export_1779050012.61.json	sAMY	m6	11761.9004	true	2.1386	0.0000	0.0000	11761.9004	0.0000	0.0000	0.0000	0.0000	0.0000
70	ainf_export_1779050023.67.json	sAMY	m6	107213.1331	true	2.1386	0.0000	0.0000	107213.1331	0.0000	0.0000	0.0000	0.0000	0.0000
71	ainf_export_1779050034.96.json	sAMY	m6	2404.2006	true	2.1386	0.0000	-0.0000	2404.2006	0.0000	0.0000	0.0000	0.0000	0.0000
72	ainf_export_1779050046.19.json	sAMY	m6	1056.9794	true	2.1386	0.0000	-0.0000	1056.9794	0.0000	0.0000	0.0000	0.0000	0.0000
73	ainf_export_1779050057.25.json	sAMY	m6	1274.1198	true	2.1386	0.0000	0.0000	1274.1198	0.0000	0.0000	0.0000	0.0000	0.0000
74	ainf_export_1779050068.32.json	sAMY	m6	1365.4999	true	2.1386	0.0000	-0.0000	1365.4999	0.0000	0.0000	0.0000	0.0000	0.0000
75	ainf_export_1779050079.39.json	sAMY	m6	1392.8777	true	2.1386	0.0000	-0.0000	1392.8777	0.0000	0.0000	0.0000	0.0000	0.0000
76	ainf_export_1779050090.40.json	sAMY	m6	1396.2405	true	2.1386	0.0000	-0.0000	1396.2405	0.0000	0.0000	0.0000	0.0000	0.0000
77	ainf_export_1779050101.09.json	sAMY	m6	1377.7823	true	2.3341	0.0000	-0.0000	1377.7823	0.0000	0.0000	0.0000	0.0000	0.0000
78	ainf_export_1779050111.75.json	sAMY	m6	1383.9795	true	2.3341	0.0000	0.0000	1383.9795	0.0000	0.0000	0.0000	0.0000	0.0000
79	ainf_export_1779050123.03.json	sAMY	m6	1351.5472	true	2.3341	0.0000	-0.0000	1351.5472	0.0000	0.0000	0.0000	0.0000	0.0000
80	ainf_export_1779050135.05.json	sAMY	m6	1290.2618	true	2.3341	0.0000	-0.0000	1290.2618	0.0000	0.0000	0.0000	0.0000	0.0000
81	ainf_export_1779050146.38.json	sAMY	m6	1175.1888	true	2.3341	0.0000	0.0000	1175.1888	0.0000	0.0000	0.0000	0.0000	0.0000
82	ainf_export_1779050157.47.json	sAMY	m6	934.9025	true	2.3341	0.0000	0.0000	934.9025	0.0000	0.0000	0.0000	0.0000	0.0000
83	ainf_export_1779050168.48.json	sAMY	m6	1188.8406	true	2.3341	0.0000	-0.0000	1188.8406	0.0000	0.0000	0.0000	0.0000	0.0000
84	ainf_export_1779050179.57.json	sAMY	m6	5909.6498	true	2.3341	0.0000	0.0000	5909.6498	0.0000	0.0000	0.0000	0.0000	0.0000
85	ainf_export_1779050190.53.json	sAMY	m6	876.1690	true	2.3341	0.0000	-0.0000	876.1690	0.0000	0.0000	0.0000	0.0000	0.0000
86	ainf_export_1779050201.62.json	sAMY	m6	2094.0577	true	2.3341	0.0000	0.0000	2094.0577	0.0000	0.0000	0.0000	0.0000	0.0000
87	ainf_export_1779050212.63.json	sAMY	m6	1607.8247	true	2.3341	0.0000	-0.0000	1607.8247	0.0000	0.0000	0.0000	0.0000	0.0000
88	ainf_export_1779050223.60.json	sAMY	m6	1017.6652	true	2.3341	0.0000	0.0000	1017.6652	0.0000	0.0000	0.0000	0.0000	0.0000
89	ainf_export_1779050234.61.json	sAMY	m6	1093.8190	true	2.3341	0.0000	-0.0000	1093.8190	0.0000	0.0000	0.0000	0.0000	0.0000
90	ainf_export_1779050245.61.json	sAMY	m6	1307.9258	true	2.3341	0.0000	0.0000	1307.9258	0.0000	0.0000	0.0000	0.0000	0.0000
91	ainf_export_1779050256.61.json	sAMY	m6	1327.5305	true	2.3341	0.0000	-0.0000	1327.5305	0.0000	0.0000	0.0000	0.0000	0.0000
92	ainf_export_1779050267.51.json	sAMY	m6	1238.5262	true	2.3341	0.0000	0.0000	1238.5262	0.0000	0.0000	0.0000	0.0000	0.0000
93	ainf_export_1779050278.43.json	sAMY	m6	1067.1998	true	2.3341	0.0000	-0.0000	1067.1998	0.0000	0.0000	0.0000	0.0000	0.0000
94	ainf_export_1779050289.40.json	sAMY	m6	848.6663	true	2.3341	0.0000	0.0000	848.6663	0.0000	0.0000	0.0000	0.0000	0.0000
95	ainf_export_1779050300.38.json	sAMY	m6	2240.7432	true	2.3341	0.0000	-0.0000	2240.7432	0.0000	0.0000	0.0000	0.0000	0.0000
96	ainf_export_1779050311.51.json	sAMY	m6	934.5825	true	2.3341	0.0000	-0.0000	934.5825	0.0000	0.0000	0.0000	0.0000	0.0000
97	ainf_export_1779050322.47.json	sAMY	m6	1276.4136	true	2.3341	0.0000	0.0000	1276.4136	0.0000	0.0000	0.0000	0.0000	0.0000
98	ainf_export_1779050333.39.json	sAMY	m6	1360.4406	true	2.3341	0.0000	-0.0000	1360.4406	0.0000	0.0000	0.0000	0.0000	0.0000
99	ainf_export_1779050344.31.json	sAMY	m6	1395.9782	true	2.3341	0.0000	-0.0000	1395.9782	0.0000	0.0000	0.0000	0.0000	0.0000
100	ainf_export_1779050355.37.json	sAMY	m6	1408.2012	true	2.3341	0.0000	-0.0000	1408.2012	0.0000	0.0000	0.0000	0.0000	0.0000
101	ainf_export_1779050366.29.json	sAMY	m6	1400.7553	true	2.3341	0.0000	-0.0000	1400.7553	0.0000	0.0000	0.0000	0.0000	0.0000
102	ainf_export_1779050377.23.json	sAMY	m6	1385.6184	true	2.3341	0.0000	0.0000	1385.6184	0.0000	0.0000	0.0000	0.0000	0.0000
103	ainf_export_1779050388.18.json	sAMY	m6	1357.4497	true	2.3341	0.0000	0.0000	1357.4497	0.0000	0.0000	0.0000	0.0000	0.0000
104	ainf_export_1779050399.10.json	sAMY	m6	1297.8548	true	2.3341	0.0000	-0.0000	1297.8548	0.0000	0.0000	0.0000	0.0000	0.0000
105	ainf_export_1779050409.97.json	sAMY	m6	1182.5614	true	2.3341	0.0000	0.0000	1182.5614	0.0000	0.0000	0.0000	0.0000	0.0000
106	ainf_export_1779050420.89.json	sAMY	m6	963.5041	true	2.3341	0.0000	-0.0000	963.5041	0.0000	0.0000	0.0000	0.0000	0.0000
107	ainf_export_1779050431.81.json	sAMY	m6	1021.9793	true	2.3341	0.0000	-0.0000	1021.9793	0.0000	0.0000	0.0000	0.0000	0.0000
108	ainf_export_1779050442.72.json	sAMY	m6	880.7668	true	2.3341	0.0000	0.0000	880.7668	0.0000	0.0000	0.0000	0.0000	0.0000
109	ainf_export_1779050453.60.json	sAMY	m6	1084.9414	true	2.3341	0.0000	-0.0000	1084.9414	0.0000	0.0000	0.0000	0.0000	0.0000
110	ainf_export_1779050464.58.json	sAMY	m6	1283.8273	true	2.3341	0.0000	-0.0000	1283.8273	0.0000	0.0000	0.0000	0.0000	0.0000
111	ainf_export_1779050475.56.json	sAMY	m6	1360.8945	true	2.3341	0.0000	-0.0000	1360.8945	0.0000	0.0000	0.0000	0.0000	0.0000
112	ainf_export_1779050486.48.json	sAMY	m6	1307.2585	true	2.3341	0.0000	-0.0000	1307.2585	0.0000	0.0000	0.0000	0.0000	0.0000
113	ainf_export_1779050497.41.json	sAMY	m6	1198.0257	true	2.3341	0.0000	0.0000	1198.0257	0.0000	0.0000	0.0000	0.0000	0.0000
114	ainf_export_1779050508.37.json	sAMY	m6	984.9813	true	2.3341	0.0000	-0.0000	984.9813	0.0000	0.0000	0.0000	0.0000	0.0000
115	ainf_export_1779050519.36.json	sAMY	m6	986.6467	true	2.3341	0.0000	-0.0000	986.6467	0.0000	0.0000	0.0000	0.0000	0.0000
116	ainf_export_1779050530.34.json	sAMY	m6	4117.3086	true	2.3341	0.0000	-0.0000	4117.3086	0.0000	0.0000	0.0000	0.0000	0.0000
117	ainf_export_1779050541.28.json	sAMY	m6	897.3147	true	2.3341	0.0000	0.0000	897.3147	0.0000	0.0000	0.0000	0.0000	0.0000
118	ainf_export_1779050552.21.json	sAMY	m6	1105.7229	true	2.3341	0.0000	-0.0000	1105.7229	0.0000	0.0000	0.0000	0.0000	0.0000
119	ainf_export_1779050563.16.json	sAMY	m6	1304.2189	true	2.3341	0.0000	-0.0000	1304.2189	0.0000	0.0000	0.0000	0.0000	0.0000
120	ainf_export_1779050574.07.json	sAMY	m6	1371.8883	true	2.3341	0.0000	0.0000	1371.8883	0.0000	0.0000	0.0000	0.0000	0.0000
121	ainf_export_1779050585.04.json	sAMY	m6	1324.4953	true	2.3341	0.0000	0.0000	1324.4953	0.0000	0.0000	0.0000	0.0000	0.0000
122	ainf_export_1779050595.99.json	sAMY	m6	1235.3023	true	2.3341	0.0000	-0.0000	1235.3023	0.0000	0.0000	0.0000	0.0000	0.0000
123	ainf_export_1779050606.90.json	sAMY	m6	1062.9542	true	2.3341	0.0000	0.0000	1062.9542	0.0000	0.0000	0.0000	0.0000	0.0000
124	ainf_export_1779050617.92.json	sAMY	m6	846.3285	true	2.3341	0.0000	0.0000	846.3285	0.0000	0.0000	0.0000	0.0000	0.0000
125	ainf_export_1779050628.83.json	sAMY	m6	2314.4207	true	2.3341	0.0000	0.0000	2314.4207	0.0000	0.0000	0.0000	0.0000	0.0000
126	ainf_export_1779050639.80.json	sAMY	m6	15843.2216	true	2.3341	0.0000	-0.0000	15843.2216	0.0000	0.0000	0.0000	0.0000	0.0000
127	ainf_export_1779050650.92.json	sAMY	m6	158662.7894	true	2.3431	0.0000	-0.0000	158662.7894	0.0000	0.0000	0.0000	0.0000	0.0000
128	ainf_export_1779050661.83.json	sAMY	m6	4817.0084	true	2.3431	0.0000	-0.0000	4817.0084	0.0000	0.0000	0.0000	0.0000	0.0000
129	ainf_export_1779050672.83.json	sAMY	m6	869.1438	true	2.3431	0.0000	-0.0000	869.1438	0.0000	0.0000	0.0000	0.0000	0.0000
130	ainf_export_1779050683.89.json	sAMY	m6	1118.1498	true	2.3431	0.0000	0.0000	1118.1498	0.0000	0.0000	0.0000	0.0000	0.0000
131	ainf_export_1779050694.88.json	sAMY	m6	1174.6968	true	2.3431	0.0000	0.0000	1174.6968	0.0000	0.0000	0.0000	0.0000	0.0000
132	ainf_export_1779050705.84.json	sAMY	m6	904.7940	true	2.3431	0.0000	0.0000	904.7940	0.0000	0.0000	0.0000	0.0000	0.0000
133	ainf_export_1779050716.86.json	sAMY	m6	1338.5349	true	2.3431	0.0000	-0.0000	1338.5349	0.0000	0.0000	0.0000	0.0000	0.0000
134	ainf_export_1779050727.79.json	sAMY	m6	6398.1909	true	2.3431	0.0000	0.0000	6398.1909	0.0000	0.0000	0.0000	0.0000	0.0000
135	ainf_export_1779050738.72.json	sAMY	m6	45332.0708	true	2.3431	0.0000	-0.0000	45332.0708	0.0000	0.0000	0.0000	0.0000	0.0000
136	ainf_export_1779050749.72.json	sAMY	m6	474557.0910	true	2.3431	0.0000	-0.0000	474557.0910	0.0000	0.0000	0.0000	0.0000	0.0000
137	ainf_export_1779050760.70.json	sAMY	m6	26745.6169	true	2.3431	0.0000	-0.0000	26745.6169	0.0000	0.0000	0.0000	0.0000	0.0000
138	ainf_export_1779050771.63.json	sAMY	m6	3284.2173	true	2.3431	0.0000	0.0000	3284.2173	0.0000	0.0000	0.0000	0.0000	0.0000
139	ainf_export_1779050782.61.json	sAMY	m6	864.7267	true	2.3431	0.0000	0.0000	864.7267	0.0000	0.0000	0.0000	0.0000	0.0000
140	ainf_export_1779050793.58.json	sAMY	m6	928.6859	true	2.3431	0.0000	-0.0000	928.6859	0.0000	0.0000	0.0000	0.0000	0.0000
141	ainf_export_1779050804.45.json	sAMY	m6	1194.1384	true	2.3431	0.0000	-0.0000	1194.1384	0.0000	0.0000	0.0000	0.0000	0.0000
142	ainf_export_1779050815.36.json	sAMY	m6	6499.7232	true	2.3431	0.0000	-0.0000	6499.7232	0.0000	0.0000	0.0000	0.0000	0.0000
143	ainf_export_1779050826.34.json	sAMY	m6	59513.8430	true	2.3431	0.0000	-0.0000	59513.8430	0.0000	0.0000	0.0000	0.0000	0.0000
144	ainf_export_1779050837.39.json	sAMY	m6	31501.7819	true	2.3431	0.0000	-0.0000	31501.7819	0.0000	0.0000	0.0000	0.0000	0.0000
145	ainf_export_1779050848.31.json	sAMY	m6	387471.7579	true	2.3431	0.0000	-0.0000	387471.7579	0.0000	0.0000	0.0000	0.0000	0.0000
146	ainf_export_1779050859.17.json	sAMY	m6	5318.2387	true	2.3431	0.0000	-0.0000	5318.2387	0.0000	0.0000	0.0000	0.0000	0.0000
147	ainf_export_1779050870.05.json	sAMY	m6	2019.0183	true	2.3431	0.0000	-0.0000	2019.0183	0.0000	0.0000	0.0000	0.0000	0.0000
148	ainf_export_1779050881.12.json	sAMY	m6	1068.5270	true	2.3431	0.0000	0.0000	1068.5270	0.0000	0.0000	0.0000	0.0000	0.0000
149	ainf_export_1779050892.02.json	sAMY	m6	855.7894	true	2.3431	0.0000	-0.0000	855.7894	0.0000	0.0000	0.0000	0.0000	0.0000
150	ainf_export_1779050902.93.json	sAMY	m6	2591.6503	true	2.3431	0.0000	-0.0000	2591.6503	0.0000	0.0000	0.0000	0.0000	0.0000
151	ainf_export_1779050913.92.json	sAMY	m6	18090.0705	true	2.3431	0.0000	-0.0000	18090.0705	0.0000	0.0000	0.0000	0.0000	0.0000
152	ainf_export_1779050924.92.json	sAMY	m6	160238.6146	true	0.0000	0.0000	-0.0000	160238.6146	0.0000	0.0000	0.0000	0.0000	0.0000
153	ainf_export_1779050935.88.json	sAMY	m6	102089.6692	true	0.0000	0.0000	0.0000	102089.6692	0.0000	0.0000	0.0000	0.0000	0.0000
154	ainf_export_1779050946.89.json	sAMY	m6	8885.2803	true	0.0000	0.0000	0.0000	8885.2803	0.0000	0.0000	0.0000	0.0000	0.0000
155	ainf_export_1779050957.87.json	sAMY	m6	919.0550	true	0.0000	0.0000	0.0000	919.0550	0.0000	0.0000	0.0000	0.0000	0.0000
156	ainf_export_1779050968.78.json	sAMY	m6	1167.2045	true	0.0000	0.0000	0.0000	1167.2045	0.0000	0.0000	0.0000	0.0000	0.0000
157	ainf_export_1779050979.77.json	sAMY	m6	1196.6624	true	0.0000	0.0000	0.0000	1196.6624	0.0000	0.0000	0.0000	0.0000	0.0000
158	ainf_export_1779050990.66.json	sAMY	m6	1229.7160	true	0.0000	0.0000	0.0000	1229.7160	0.0000	0.0000	0.0000	0.0000	0.0000
159	ainf_export_1779051001.67.json	sAMY	m6	1039.7163	true	0.0000	0.0000	0.0000	1039.7163	0.0000	0.0000	0.0000	0.0000	0.0000
160	ainf_export_1779051012.58.json	sAMY	m6	882.4737	true	0.0000	0.0000	-0.0000	882.4737	0.0000	0.0000	0.0000	0.0000	0.0000
161	ainf_export_1779051023.49.json	sAMY	m6	2845.1429	true	0.0000	0.0000	-0.0000	2845.1429	0.0000	0.0000	0.0000	0.0000	0.0000
162	ainf_export_1779051034.48.json	sAMY	m6	17939.5929	true	0.0000	0.0000	-0.0000	17939.5929	0.0000	0.0000	0.0000	0.0000	0.0000
163	ainf_export_1779051045.49.json	sAMY	m6	171329.4885	true	0.0000	0.0000	-0.0000	171329.4885	0.0000	0.0000	0.0000	0.0000	0.0000
164	ainf_export_1779051056.47.json	sAMY	m6	8460.1491	true	0.0000	0.0000	0.0000	8460.1491	0.0000	0.0000	0.0000	0.0000	0.0000
165	ainf_export_1779051067.41.json	sAMY	m6	5299.8299	true	0.0000	0.0000	0.0000	5299.8299	0.0000	0.0000	0.0000	0.0000	0.0000
166	ainf_export_1779051078.40.json	sAMY	m6	842.5543	true	0.0000	0.0000	0.0000	842.5543	0.0000	0.0000	0.0000	0.0000	0.0000
167	ainf_export_1779051089.41.json	sAMY	m6	857.6052	true	0.0000	0.0000	-0.0000	857.6052	0.0000	0.0000	0.0000	0.0000	0.0000
168	ainf_export_1779051100.34.json	sAMY	m6	1418.7860	true	0.0000	0.0000	-0.0000	1418.7860	0.0000	0.0000	0.0000	0.0000	0.0000
169	ainf_export_1779051111.29.json	sAMY	m6	7046.5520	true	0.0000	0.0000	-0.0000	7046.5520	0.0000	0.0000	0.0000	0.0000	0.0000
170	ainf_export_1779051122.22.json	sAMY	m6	60371.9771	true	0.0000	0.0000	0.0000	60371.9771	0.0000	0.0000	0.0000	0.0000	0.0000
171	ainf_export_1779051133.22.json	sAMY	m6	809378.9850	true	0.0000	0.0000	-0.0000	809378.9850	0.0000	0.0000	0.0000	0.0000	0.0000
172	ainf_export_1779051144.21.json	sAMY	m6	35941.1850	true	0.0000	0.0000	-0.0000	35941.1850	0.0000	0.0000	0.0000	0.0000	0.0000
173	ainf_export_1779051155.15.json	sAMY	m6	2401.8030	true	0.0000	0.0000	-0.0000	2401.8030	0.0000	0.0000	0.0000	0.0000	0.0000
174	ainf_export_1779051166.16.json	sAMY	m6	955.4464	true	0.0000	0.0000	-0.0000	955.4464	0.0000	0.0000	0.0000	0.0000	0.0000
175	ainf_export_1779051177.14.json	sAMY	m6	1253.4965	true	0.0000	0.0000	0.0000	1253.4965	0.0000	0.0000	0.0000	0.0000	0.0000
176	ainf_export_1779051188.10.json	sAMY	m6	1072.1281	true	0.0000	0.0000	0.0000	1072.1281	0.0000	0.0000	0.0000	0.0000	0.0000
177	ainf_export_1779051199.23.json	sAMY	m6	853.7031	true	2.3079	0.0000	0.0000	853.7031	0.0000	0.0000	0.0000	0.0000	0.0000
178	ainf_export_1779051210.12.json	sAMY	m6	2669.8850	true	2.3079	0.0000	-0.0000	2669.8850	0.0000	0.0000	0.0000	0.0000	0.0000
179	ainf_export_1779051220.99.json	sAMY	m6	1813.2020	true	2.3079	0.0000	-0.0000	1813.2020	0.0000	0.0000	0.0000	0.0000	0.0000
180	ainf_export_1779051231.86.json	sAMY	m6	1303.4492	true	2.3079	0.0000	0.0000	1303.4492	0.0000	0.0000	0.0000	0.0000	0.0000
181	ainf_export_1779051242.84.json	sAMY	m6	7254.3455	true	2.3079	0.0000	-0.0000	7254.3455	0.0000	0.0000	0.0000	0.0000	0.0000
182	ainf_export_1779051253.82.json	sAMY	m6	57460.5154	true	2.3079	0.0000	-0.0000	57460.5154	0.0000	0.0000	0.0000	0.0000	0.0000
183	ainf_export_1779051264.78.json	sAMY	m6	33055.3386	true	2.3079	0.0000	-0.0000	33055.3386	0.0000	0.0000	0.0000	0.0000	0.0000
184	ainf_export_1779051275.73.json	sAMY	m6	348689.8811	true	2.3079	0.0000	-0.0000	348689.8811	0.0000	0.0000	0.0000	0.0000	0.0000
185	ainf_export_1779051286.77.json	sAMY	m6	14077.3667	true	2.3079	0.0000	-0.0000	14077.3667	0.0000	0.0000	0.0000	0.0000	0.0000
186	ainf_export_1779051297.62.json	sAMY	m6	1429.8487	true	2.3079	0.0000	0.0000	1429.8487	0.0000	0.0000	0.0000	0.0000	0.0000
187	ainf_export_1779051308.55.json	sAMY	m6	1003.8527	true	2.3079	0.0000	-0.0000	1003.8527	0.0000	0.0000	0.0000	0.0000	0.0000
188	ainf_export_1779051319.41.json	sAMY	m6	920.4451	true	2.3079	0.0000	0.0000	920.4451	0.0000	0.0000	0.0000	0.0000	0.0000
189	ainf_export_1779051330.29.json	sAMY	m6	3593.6989	true	2.3079	0.0000	0.0000	3593.6989	0.0000	0.0000	0.0000	0.0000	0.0000
190	ainf_export_1779051341.16.json	sAMY	m6	25861.0005	true	2.3079	0.0000	-0.0000	25861.0005	0.0000	0.0000	0.0000	0.0000	0.0000
191	ainf_export_1779051352.01.json	sAMY	m6	1556.6514	true	2.3079	0.0000	0.0000	1556.6514	0.0000	0.0000	0.0000	0.0000	0.0000
192	ainf_export_1779051362.92.json	sAMY	m6	1001.4898	true	2.3079	0.0000	-0.0000	1001.4898	0.0000	0.0000	0.0000	0.0000	0.0000
193	ainf_export_1779051373.85.json	sAMY	m6	1263.7915	true	2.3079	0.0000	-0.0000	1263.7915	0.0000	0.0000	0.0000	0.0000	0.0000
194	ainf_export_1779051384.79.json	sAMY	m6	1106.0947	true	2.3079	0.0000	0.0000	1106.0947	0.0000	0.0000	0.0000	0.0000	0.0000
195	ainf_export_1779051395.81.json	sAMY	m6	852.2421	true	2.3079	0.0000	0.0000	852.2421	0.0000	0.0000	0.0000	0.0000	0.0000
196	ainf_export_1779051406.67.json	sAMY	m6	1744.6346	true	2.3079	0.0000	-0.0000	1744.6346	0.0000	0.0000	0.0000	0.0000	0.0000
197	ainf_export_1779051417.56.json	sAMY	m6	11121.0618	true	2.3079	0.0000	-0.0000	11121.0618	0.0000	0.0000	0.0000	0.0000	0.0000
198	ainf_export_1779051428.44.json	sAMY	m6	101830.4430	true	2.3079	0.0000	-0.0000	101830.4430	0.0000	0.0000	0.0000	0.0000	0.0000
199	ainf_export_1779051439.37.json	sAMY	m6	997441.0548	true	2.3079	0.0000	-0.0000	997441.0548	0.0000	0.0000	0.0000	0.0000	0.0000
200	ainf_export_1779051450.30.json	sAMY	m6	658468.9551	true	2.3079	0.0000	-0.0000	658468.9551	0.0000	0.0000	0.0000	0.0000	0.0000
201	ainf_export_1779051461.14.json	sAMY	m6	6090239.1617	true	2.3079	0.0000	-0.0000	6090239.1617	0.0000	0.0000	0.0000	0.0000	0.0000
202	ainf_export_1779051472.00.json	sAMY	m6	4194063.0244	true	2.3079	0.0000	-0.0000	4194063.0244	0.0000	0.0000	0.0000	0.0000	0.0000
203	ainf_export_1779051482.91.json	sAMY	m6	99684.4682	true	2.3079	0.0000	-0.0000	99684.4682	0.0000	0.0000	0.0000	0.0000	0.0000
204	ainf_export_1779051493.75.json	sAMY	m6	4290.3380	true	2.3079	0.0000	-0.0000	4290.3380	0.0000	0.0000	0.0000	0.0000	0.0000
205	ainf_export_1779051504.60.json	sAMY	m6	846.2676	true	2.3079	0.0000	-0.0000	846.2676	0.0000	0.0000	0.0000	0.0000	0.0000
206	ainf_export_1779051515.41.json	sAMY	m6	1208.1968	true	2.3079	0.0000	0.0000	1208.1968	0.0000	0.0000	0.0000	0.0000	0.0000
207	ainf_export_1779051526.25.json	sAMY	m6	1234.8859	true	2.3079	0.0000	-0.0000	1234.8859	0.0000	0.0000	0.0000	0.0000	0.0000
208	ainf_export_1779051537.04.json	sAMY	m6	1032.9390	true	2.3079	0.0000	0.0000	1032.9390	0.0000	0.0000	0.0000	0.0000	0.0000
209	ainf_export_1779051547.88.json	sAMY	m6	906.7342	true	2.3079	0.0000	0.0000	906.7342	0.0000	0.0000	0.0000	0.0000	0.0000
210	ainf_export_1779051558.75.json	sAMY	m6	3191.3430	true	2.3079	0.0000	0.0000	3191.3430	0.0000	0.0000	0.0000	0.0000	0.0000
211	ainf_export_1779051569.68.json	sAMY	m6	22054.2135	true	2.3079	0.0000	0.0000	22054.2135	0.0000	0.0000	0.0000	0.0000	0.0000
212	ainf_export_1779051580.57.json	sAMY	m6	218908.5118	true	2.3079	0.0000	-0.0000	218908.5118	0.0000	0.0000	0.0000	0.0000	0.0000
213	ainf_export_1779051591.56.json	sAMY	m6	2668791.2112	true	2.3079	0.0000	0.0000	2668791.2112	0.0000	0.0000	0.0000	0.0000	0.0000
214	ainf_export_1779051602.44.json	sAMY	m6	1041773.5013	true	2.3079	0.0000	-0.0000	1041773.5013	0.0000	0.0000	0.0000	0.0000	0.0000
215	ainf_export_1779051613.43.json	sAMY	m6	398611.0461	true	2.3079	0.0000	-0.0000	398611.0461	0.0000	0.0000	0.0000	0.0000	0.0000
216	ainf_export_1779051624.43.json	sAMY	m6	9004.5363	true	2.3079	0.0000	-0.0000	9004.5363	0.0000	0.0000	0.0000	0.0000	0.0000
217	ainf_export_1779051635.31.json	sAMY	m6	87793.9607	true	2.3079	0.0000	-0.0000	87793.9607	0.0000	0.0000	0.0000	0.0000	0.0000
218	ainf_export_1779051646.22.json	sAMY	m6	964054.1489	true	2.3079	0.0000	-0.0000	964054.1489	0.0000	0.0000	0.0000	0.0000	0.0000
219	ainf_export_1779051657.14.json	sAMY	m6	472044.8456	true	2.3079	0.0000	-0.0000	472044.8456	0.0000	0.0000	0.0000	0.0000	0.0000
220	ainf_export_1779051668.05.json	sAMY	m6	268521.2774	true	2.3079	0.0000	-0.0000	268521.2774	0.0000	0.0000	0.0000	0.0000	0.0000
221	ainf_export_1779051678.95.json	sAMY	m6	168090.4852	true	2.3079	0.0000	-0.0000	168090.4852	0.0000	0.0000	0.0000	0.0000	0.0000
222	ainf_export_1779051689.79.json	sAMY	m6	6020.1315	true	2.3079	0.0000	-0.0000	6020.1315	0.0000	0.0000	0.0000	0.0000	0.0000
223	ainf_export_1779051700.65.json	sAMY	m6	3858.3543	true	2.3079	0.0000	-0.0000	3858.3543	0.0000	0.0000	0.0000	0.0000	0.0000
224	ainf_export_1779051711.60.json	sAMY	m6	857.4902	true	2.3079	0.0000	-0.0000	857.4902	0.0000	0.0000	0.0000	0.0000	0.0000
225	ainf_export_1779051722.43.json	sAMY	m6	1610.9422	true	2.3079	0.0000	-0.0000	1610.9422	0.0000	0.0000	0.0000	0.0000	0.0000
226	ainf_export_1779051733.29.json	sAMY	m6	8877.5197	true	2.3079	0.0000	0.0000	8877.5197	0.0000	0.0000	0.0000	0.0000	0.0000
227	ainf_export_1779051744.17.json	sAMY	m6	80480.6809	true	2.6352	0.0000	0.0000	80480.6809	0.0000	0.0000	0.0000	0.0000	0.0000
228	ainf_export_1779051755.04.json	sAMY	m6	948809.0886	true	2.6352	0.0000	0.0000	948809.0886	0.0000	0.0000	0.0000	0.0000	0.0000
229	ainf_export_1779051765.83.json	sAMY	m6	32974.8072	true	2.6352	0.0000	-0.0000	32974.8072	0.0000	0.0000	0.0000	0.0000	0.0000
230	ainf_export_1779051776.61.json	sAMY	m6	1738.7518	true	2.6352	0.0000	0.0000	1738.7518	0.0000	0.0000	0.0000	0.0000	0.0000
231	ainf_export_1779051787.50.json	sAMY	m6	943.8526	true	2.6352	0.0000	-0.0000	943.8526	0.0000	0.0000	0.0000	0.0000	0.0000
232	ainf_export_1779051798.34.json	sAMY	m6	1257.2752	true	2.6352	0.0000	0.0000	1257.2752	0.0000	0.0000	0.0000	0.0000	0.0000
233	ainf_export_1779051809.17.json	sAMY	m6	1282.8581	true	2.6352	0.0000	0.0000	1282.8581	0.0000	0.0000	0.0000	0.0000	0.0000
234	ainf_export_1779051820.02.json	sAMY	m6	1370.3903	true	2.6352	0.0000	0.0000	1370.3903	0.0000	0.0000	0.0000	0.0000	0.0000
235	ainf_export_1779051830.83.json	sAMY	m6	1377.5878	true	2.6352	0.0000	0.0000	1377.5878	0.0000	0.0000	0.0000	0.0000	0.0000
236	ainf_export_1779051841.60.json	sAMY	m6	1340.7573	true	2.6352	0.0000	-0.0000	1340.7573	0.0000	0.0000	0.0000	0.0000	0.0000
237	ainf_export_1779051852.50.json	sAMY	m6	1270.3352	true	2.6352	0.0000	0.0000	1270.3352	0.0000	0.0000	0.0000	0.0000	0.0000
238	ainf_export_1779051863.35.json	sAMY	m6	1139.9462	true	2.6352	0.0000	0.0000	1139.9462	0.0000	0.0000	0.0000	0.0000	0.0000
239	ainf_export_1779051874.19.json	sAMY	m6	862.1559	true	2.6352	0.0000	-0.0000	862.1559	0.0000	0.0000	0.0000	0.0000	0.0000
240	ainf_export_1779051884.99.json	sAMY	m6	1361.8354	true	2.6352	0.0000	-0.0000	1361.8354	0.0000	0.0000	0.0000	0.0000	0.0000
241	ainf_export_1779051895.77.json	sAMY	m6	1007.8392	true	2.6352	0.0000	-0.0000	1007.8392	0.0000	0.0000	0.0000	0.0000	0.0000
242	ainf_export_1779051906.61.json	sAMY	m6	901.0589	true	2.6352	0.0000	0.0000	901.0589	0.0000	0.0000	0.0000	0.0000	0.0000
243	ainf_export_1779051917.51.json	sAMY	m6	3012.9327	true	2.6352	0.0000	0.0000	3012.9327	0.0000	0.0000	0.0000	0.0000	0.0000
244	ainf_export_1779051928.51.json	sAMY	m6	20911.8355	true	2.6352	0.0000	-0.0000	20911.8355	0.0000	0.0000	0.0000	0.0000	0.0000
245	ainf_export_1779051939.31.json	sAMY	m6	1384.8933	true	2.6352	0.0000	-0.0000	1384.8933	0.0000	0.0000	0.0000	0.0000	0.0000
246	ainf_export_1779051950.08.json	sAMY	m6	1057.2059	true	2.6352	0.0000	-0.0000	1057.2059	0.0000	0.0000	0.0000	0.0000	0.0000
247	ainf_export_1779051960.80.json	sAMY	m6	1305.9161	true	2.6352	0.0000	0.0000	1305.9161	0.0000	0.0000	0.0000	0.0000	0.0000
248	ainf_export_1779051971.73.json	sAMY	m6	1377.7712	true	2.6352	0.0000	-0.0000	1377.7712	0.0000	0.0000	0.0000	0.0000	0.0000
249	ainf_export_1779051982.69.json	sAMY	m6	1383.6299	true	2.6352	0.0000	0.0000	1383.6299	0.0000	0.0000	0.0000	0.0000	0.0000
250	ainf_export_1779051993.48.json	sAMY	m6	1355.3940	true	2.6352	0.0000	-0.0000	1355.3940	0.0000	0.0000	0.0000	0.0000	0.0000
251	ainf_export_1779052004.27.json	sAMY	m6	1294.4697	true	2.6352	0.0000	0.0000	1294.4697	0.0000	0.0000	0.0000	0.0000	0.0000
252	ainf_export_1779052015.12.json	sAMY	m6	1184.5725	true	2.6352	0.0000	-0.0000	1184.5725	0.0000	0.0000	0.0000	0.0000	0.0000
253	ainf_export_1779052026.00.json	sAMY	m6	977.5654	true	2.6352	0.0000	0.0000	977.5654	0.0000	0.0000	0.0000	0.0000	0.0000
254	ainf_export_1779052036.87.json	sAMY	m6	1048.3290	true	2.6352	0.0000	0.0000	1048.3290	0.0000	0.0000	0.0000	0.0000	0.0000
255	ainf_export_1779052047.66.json	sAMY	m6	1273.9450	true	2.6352	0.0000	-0.0000	1273.9450	0.0000	0.0000	0.0000	0.0000	0.0000
256	ainf_export_1779052058.91.json	sAMY	m6	1349.2750	true	2.6352	0.0000	0.0000	1349.2750	0.0000	0.0000	0.0000	0.0000	0.0000
257	ainf_export_1779052069.74.json	sAMY	m6	1391.0623	true	2.6352	0.0000	-0.0000	1391.0623	0.0000	0.0000	0.0000	0.0000	0.0000
258	ainf_export_1779052080.50.json	sAMY	m6	1406.2917	true	2.6352	0.0000	-0.0000	1406.2917	0.0000	0.0000	0.0000	0.0000	0.0000
259	ainf_export_1779052091.40.json	sAMY	m6	1397.5946	true	2.6352	0.0000	-0.0000	1397.5946	0.0000	0.0000	0.0000	0.0000	0.0000
260	ainf_export_1779052102.28.json	sAMY	m6	1382.3124	true	2.6352	0.0000	-0.0000	1382.3124	0.0000	0.0000	0.0000	0.0000	0.0000
261	ainf_export_1779052113.08.json	sAMY	m6	1352.7041	true	2.6352	0.0000	-0.0000	1352.7041	0.0000	0.0000	0.0000	0.0000	0.0000
262	ainf_export_1779052123.81.json	sAMY	m6	1288.9417	true	2.6352	0.0000	0.0000	1288.9417	0.0000	0.0000	0.0000	0.0000	0.0000
263	ainf_export_1779052134.65.json	sAMY	m6	1157.1508	true	2.6352	0.0000	0.0000	1157.1508	0.0000	0.0000	0.0000	0.0000	0.0000
264	ainf_export_1779052145.56.json	sAMY	m6	919.0001	true	2.6352	0.0000	0.0000	919.0001	0.0000	0.0000	0.0000	0.0000	0.0000
265	ainf_export_1779052156.41.json	sAMY	m6	996.7296	true	2.6352	0.0000	0.0000	996.7296	0.0000	0.0000	0.0000	0.0000	0.0000
266	ainf_export_1779052167.23.json	sAMY	m6	940.7718	true	2.6352	0.0000	0.0000	940.7718	0.0000	0.0000	0.0000	0.0000	0.0000
267	ainf_export_1779052178.09.json	sAMY	m6	1092.7056	true	2.6352	0.0000	-0.0000	1092.7056	0.0000	0.0000	0.0000	0.0000	0.0000
268	ainf_export_1779052188.85.json	sAMY	m6	1139.2977	true	2.6352	0.0000	0.0000	1139.2977	0.0000	0.0000	0.0000	0.0000	0.0000
269	ainf_export_1779052199.73.json	sAMY	m6	1183.7968	true	2.6352	0.0000	0.0000	1183.7968	0.0000	0.0000	0.0000	0.0000	0.0000
270	ainf_export_1779052210.67.json	sAMY	m6	954.5817	true	2.6352	0.0000	-0.0000	954.5817	0.0000	0.0000	0.0000	0.0000	0.0000
271	ainf_export_1779052221.62.json	sAMY	m6	1023.8028	true	2.6352	0.0000	-0.0000	1023.8028	0.0000	0.0000	0.0000	0.0000	0.0000
272	ainf_export_1779052232.43.json	sAMY	m6	897.9590	true	2.6352	0.0000	-0.0000	897.9590	0.0000	0.0000	0.0000	0.0000	0.0000
273	ainf_export_1779052243.19.json	sAMY	m6	1187.7559	true	2.6352	0.0000	-0.0000	1187.7559	0.0000	0.0000	0.0000	0.0000	0.0000
274	ainf_export_1779052253.93.json	sAMY	m6	1335.5242	true	2.6352	0.0000	0.0000	1335.5242	0.0000	0.0000	0.0000	0.0000	0.0000
275	ainf_export_1779052264.69.json	sAMY	m6	1384.6681	true	2.6352	0.0000	0.0000	1384.6681	0.0000	0.0000	0.0000	0.0000	0.0000
276	ainf_export_1779052275.56.json	sAMY	m6	1404.8561	true	2.6352	0.0000	-0.0000	1404.8561	0.0000	0.0000	0.0000	0.0000	0.0000
277	ainf_export_1779052286.36.json	sAMY	m6	1395.4366	true	-0.0742	0.0000	0.0000	1395.4366	0.0000	0.0000	0.0000	0.0000	0.0000
278	ainf_export_1779052296.84.json	sAMY	m6	1377.8812	true	-0.0742	0.0000	0.0000	1377.8812	0.0000	0.0000	0.0000	0.0000	0.0000
279	ainf_export_1779052307.59.json	sAMY	m6	1343.0035	true	-0.0742	0.0000	0.0000	1343.0035	0.0000	0.0000	0.0000	0.0000	0.0000
280	ainf_export_1779052318.36.json	sAMY	m6	1268.9650	true	-0.0742	0.0000	-0.0000	1268.9650	0.0000	0.0000	0.0000	0.0000	0.0000
281	ainf_export_1779052329.19.json	sAMY	m6	1113.3629	true	-0.0742	0.0000	-0.0000	1113.3629	0.0000	0.0000	0.0000	0.0000	0.0000
282	ainf_export_1779052340.06.json	sAMY	m6	851.0663	true	-0.0742	0.0000	0.0000	851.0663	0.0000	0.0000	0.0000	0.0000	0.0000
283	ainf_export_1779052350.91.json	sAMY	m6	917.2801	true	-0.0742	0.0000	0.0000	917.2801	0.0000	0.0000	0.0000	0.0000	0.0000
284	ainf_export_1779052361.70.json	sAMY	m6	1241.5279	true	-0.0742	0.0000	0.0000	1241.5279	0.0000	0.0000	0.0000	0.0000	0.0000
285	ainf_export_1779052372.16.json	sAMY	m6	1270.9030	true	-0.0742	0.0000	0.0000	1270.9030	0.0000	0.0000	0.0000	0.0000	0.0000
286	ainf_export_1779052383.03.json	sAMY	m6	1362.9769	true	-0.0742	0.0000	-0.0000	1362.9769	0.0000	0.0000	0.0000	0.0000	0.0000
287	ainf_export_1779052393.94.json	sAMY	m6	1314.8500	true	-0.0742	0.0000	-0.0000	1314.8500	0.0000	0.0000	0.0000	0.0000	0.0000
288	ainf_export_1779052404.77.json	sAMY	m6	1212.2770	true	-0.0742	0.0000	0.0000	1212.2770	0.0000	0.0000	0.0000	0.0000	0.0000
289	ainf_export_1779052415.60.json	sAMY	m6	1000.0367	true	-0.0742	0.0000	-0.0000	1000.0367	0.0000	0.0000	0.0000	0.0000	0.0000
290	ainf_export_1779052426.39.json	sAMY	m6	929.3836	true	-0.0742	0.0000	-0.0000	929.3836	0.0000	0.0000	0.0000	0.0000	0.0000
291	ainf_export_1779052436.78.json	sAMY	m6	1152.1204	true	-0.0742	0.0000	0.0000	1152.1204	0.0000	0.0000	0.0000	0.0000	0.0000
292	ainf_export_1779052447.64.json	sAMY	m6	1184.6053	true	-0.0742	0.0000	-0.0000	1184.6053	0.0000	0.0000	0.0000	0.0000	0.0000
293	ainf_export_1779052458.49.json	sAMY	m6	1221.1386	true	-0.0742	0.0000	-0.0000	1221.1386	0.0000	0.0000	0.0000	0.0000	0.0000
294	ainf_export_1779052469.29.json	sAMY	m6	1355.2891	true	-0.0742	0.0000	0.0000	1355.2891	0.0000	0.0000	0.0000	0.0000	0.0000
295	ainf_export_1779052480.13.json	sAMY	m6	1395.9270	true	-0.0742	0.0000	-0.0000	1395.9270	0.0000	0.0000	0.0000	0.0000	0.0000
296	ainf_export_1779052490.89.json	sAMY	m6	1399.5569	true	-0.0742	0.0000	-0.0000	1399.5569	0.0000	0.0000	0.0000	0.0000	0.0000
297	ainf_export_1779052501.71.json	sAMY	m6	1410.9338	true	-0.0742	0.0000	-0.0000	1410.9338	0.0000	0.0000	0.0000	0.0000	0.0000
298	ainf_export_1779052512.58.json	sAMY	m6	1411.8816	true	-0.0742	0.0000	0.0000	1411.8816	0.0000	0.0000	0.0000	0.0000	0.0000
299	ainf_export_1779052523.41.json	sAMY	m6	1408.2241	true	-0.0742	0.0000	0.0000	1408.2241	0.0000	0.0000	0.0000	0.0000	0.0000
300	ainf_export_1779052534.26.json	sAMY	m6	1401.4037	true	-0.0742	0.0000	-0.0000	1401.4037	0.0000	0.0000	0.0000	0.0000	0.0000
301	ainf_export_1779052545.06.json	sAMY	m6	1388.5880	true	-0.0742	0.0000	-0.0000	1388.5880	0.0000	0.0000	0.0000	0.0000	0.0000
302	ainf_export_1779052555.85.json	sAMY	m6	1404.2051	true	-0.0742	0.0000	-0.0000	1404.2051	0.0000	0.0000	0.0000	0.0000	0.0000
303	ainf_export_1779052566.74.json	sAMY	m6	1411.8640	true	-0.0742	0.0000	-0.0000	1411.8640	0.0000	0.0000	0.0000	0.0000	0.0000
304	ainf_export_1779052577.60.json	sAMY	m6	1414.6443	true	-0.0742	0.0000	0.0000	1414.6443	0.0000	0.0000	0.0000	0.0000	0.0000
305	ainf_export_1779052588.41.json	sAMY	m6	1415.5310	true	-0.0742	0.0000	-0.0000	1415.5310	0.0000	0.0000	0.0000	0.0000	0.0000
306	ainf_export_1779052599.29.json	sAMY	m6	1415.6068	true	-0.0742	0.0000	0.0000	1415.6068	0.0000	0.0000	0.0000	0.0000	0.0000
307	ainf_export_1779052610.11.json	sAMY	m6	1415.2436	true	-0.0742	0.0000	-0.0000	1415.2436	0.0000	0.0000	0.0000	0.0000	0.0000
308	ainf_export_1779052620.83.json	sAMY	m6	1414.5542	true	-0.0742	0.0000	-0.0000	1414.5542	0.0000	0.0000	0.0000	0.0000	0.0000
309	ainf_export_1779052631.75.json	sAMY	m6	1413.2638	true	-0.0742	0.0000	-0.0000	1413.2638	0.0000	0.0000	0.0000	0.0000	0.0000
310	ainf_export_1779052642.60.json	sAMY	m6	1410.6150	true	-0.0742	0.0000	-0.0000	1410.6150	0.0000	0.0000	0.0000	0.0000	0.0000
311	ainf_export_1779052653.40.json	sAMY	m6	1413.9252	true	-0.0742	0.0000	0.0000	1413.9252	0.0000	0.0000	0.0000	0.0000	0.0000
312	ainf_export_1779052664.17.json	sAMY	m6	1415.2074	true	-0.0742	0.0000	0.0000	1415.2074	0.0000	0.0000	0.0000	0.0000	0.0000
313	ainf_export_1779052674.91.json	sAMY	m6	1415.3311	true	-0.0742	0.0000	-0.0000	1415.3311	0.0000	0.0000	0.0000	0.0000	0.0000
314	ainf_export_1779052685.81.json	sAMY	m6	1415.7585	true	-0.0742	0.0000	-0.0000	1415.7585	0.0000	0.0000	0.0000	0.0000	0.0000
315	ainf_export_1779052696.70.json	sAMY	m6	1415.9129	true	-0.0742	0.0000	0.0000	1415.9129	0.0000	0.0000	0.0000	0.0000	0.0000
316	ainf_export_1779052707.52.json	sAMY	m6	1415.8295	true	-0.0742	0.0000	-0.0000	1415.8295	0.0000	0.0000	0.0000	0.0000	0.0000
317	ainf_export_1779052718.38.json	sAMY	m6	1415.6696	true	-0.0742	0.0000	0.0000	1415.6696	0.0000	0.0000	0.0000	0.0000	0.0000
318	ainf_export_1779052729.27.json	sAMY	m6	1415.3708	true	-0.0742	0.0000	0.0000	1415.3708	0.0000	0.0000	0.0000	0.0000	0.0000
319	ainf_export_1779052740.05.json	sAMY	m6	1414.8158	true	-0.0742	0.0000	0.0000	1414.8158	0.0000	0.0000	0.0000	0.0000	0.0000
320	ainf_export_1779052750.89.json	sAMY	m6	1414.9791	true	-0.0742	0.0000	-0.0000	1414.9791	0.0000	0.0000	0.0000	0.0000	0.0000
321	ainf_export_1779052761.71.json	sAMY	m6	1415.6165	true	-0.0742	0.0000	-0.0000	1415.6165	0.0000	0.0000	0.0000	0.0000	0.0000
322	ainf_export_1779052772.61.json	sAMY	m6	1415.6829	true	-0.0742	0.0000	0.0000	1415.6829	0.0000	0.0000	0.0000	0.0000	0.0000
323	ainf_export_1779052783.46.json	sAMY	m6	1415.8736	true	-0.0742	0.0000	-0.0000	1415.8736	0.0000	0.0000	0.0000	0.0000	0.0000
324	ainf_export_1779052794.31.json	sAMY	m6	1415.8900	true	-0.0742	0.0000	0.0000	1415.8900	0.0000	0.0000	0.0000	0.0000	0.0000
325	ainf_export_1779052805.42.json	sAMY	m6	1415.7939	true	-0.0742	0.0000	0.0000	1415.7939	0.0000	0.0000	0.0000	0.0000	0.0000
326	ainf_export_1779052816.28.json	sAMY	m6	1415.5926	true	-0.0742	0.0000	-0.0000	1415.5926	0.0000	0.0000	0.0000	0.0000	0.0000
327	ainf_export_1779052827.12.json	sAMY	m6	1415.2347	true	-0.0726	0.0000	0.0000	1415.2347	0.0000	0.0000	0.0000	0.0000	0.0000
328	ainf_export_1779052837.87.json	sAMY	m6	1414.5744	true	-0.0726	0.0000	-0.0000	1414.5744	0.0000	0.0000	0.0000	0.0000	0.0000
329	ainf_export_1779052848.63.json	sAMY	m6	1413.3840	true	-0.0726	0.0000	0.0000	1413.3840	0.0000	0.0000	0.0000	0.0000	0.0000
330	ainf_export_1779052859.35.json	sAMY	m6	1414.8563	true	-0.0726	0.0000	0.0000	1414.8563	0.0000	0.0000	0.0000	0.0000	0.0000
331	ainf_export_1779052870.11.json	sAMY	m6	1415.5853	true	-0.0726	0.0000	-0.0000	1415.5853	0.0000	0.0000	0.0000	0.0000	0.0000
332	ainf_export_1779052881.01.json	sAMY	m6	1415.8753	true	-0.0726	0.0000	-0.0000	1415.8753	0.0000	0.0000	0.0000	0.0000	0.0000
333	ainf_export_1779052891.92.json	sAMY	m6	1415.9573	true	-0.0726	0.0000	-0.0000	1415.9573	0.0000	0.0000	0.0000	0.0000	0.0000
334	ainf_export_1779052902.75.json	sAMY	m6	1415.9638	true	-0.0726	0.0000	0.0000	1415.9638	0.0000	0.0000	0.0000	0.0000	0.0000
335	ainf_export_1779052913.55.json	sAMY	m6	1415.9696	true	-0.0726	0.0000	-0.0000	1415.9696	0.0000	0.0000	0.0000	0.0000	0.0000
336	ainf_export_1779052924.39.json	sAMY	m6	1415.9411	true	-0.0726	0.0000	0.0000	1415.9411	0.0000	0.0000	0.0000	0.0000	0.0000
337	ainf_export_1779052935.38.json	sAMY	m6	1415.9485	true	-0.0726	0.0000	-0.0000	1415.9485	0.0000	0.0000	0.0000	0.0000	0.0000
338	ainf_export_1779052946.27.json	sAMY	m6	1415.9578	true	-0.0726	0.0000	-0.0000	1415.9578	0.0000	0.0000	0.0000	0.0000	0.0000
339	ainf_export_1779052957.11.json	sAMY	m6	1415.9174	true	-0.0726	0.0000	0.0000	1415.9174	0.0000	0.0000	0.0000	0.0000	0.0000
340	ainf_export_1779052968.01.json	sAMY	m6	1415.8425	true	-0.0726	0.0000	0.0000	1415.8425	0.0000	0.0000	0.0000	0.0000	0.0000
341	ainf_export_1779052978.79.json	sAMY	m6	1415.6992	true	-0.0726	0.0000	-0.0000	1415.6992	0.0000	0.0000	0.0000	0.0000	0.0000
342	ainf_export_1779052989.57.json	sAMY	m6	1415.4104	true	-0.0726	0.0000	-0.0000	1415.4104	0.0000	0.0000	0.0000	0.0000	0.0000
343	ainf_export_1779053000.24.json	sAMY	m6	1415.4921	true	-0.0726	0.0000	0.0000	1415.4921	0.0000	0.0000	0.0000	0.0000	0.0000
344	ainf_export_1779053011.04.json	sAMY	m6	1415.5608	true	-0.0726	0.0000	-0.0000	1415.5608	0.0000	0.0000	0.0000	0.0000	0.0000
345	ainf_export_1779053021.81.json	sAMY	m6	1415.6128	true	-0.0726	0.0000	0.0000	1415.6128	0.0000	0.0000	0.0000	0.0000	0.0000
346	ainf_export_1779053032.74.json	sAMY	m6	1415.2911	true	-0.0726	0.0000	-0.0000	1415.2911	0.0000	0.0000	0.0000	0.0000	0.0000
347	ainf_export_1779053043.60.json	sAMY	m6	1414.7228	true	-0.0726	0.0000	0.0000	1414.7228	0.0000	0.0000	0.0000	0.0000	0.0000
348	ainf_export_1779053054.49.json	sAMY	m6	1414.9397	true	-0.0726	0.0000	-0.0000	1414.9397	0.0000	0.0000	0.0000	0.0000	0.0000
349	ainf_export_1779053065.33.json	sAMY	m6	1415.1606	true	-0.0726	0.0000	0.0000	1415.1606	0.0000	0.0000	0.0000	0.0000	0.0000
350	ainf_export_1779053076.14.json	sAMY	m6	1414.2613	true	-0.0726	0.0000	0.0000	1414.2613	0.0000	0.0000	0.0000	0.0000	0.0000
351	ainf_export_1779053087.68.json	sAMY	m6	1414.5540	true	-0.0726	0.0000	-0.0000	1414.5540	0.0000	0.0000	0.0000	0.0000	0.0000
352	ainf_export_1779053100.19.json	sAMY	m6	1415.3357	true	-0.0726	0.0000	0.0000	1415.3357	0.0000	0.0000	0.0000	0.0000	0.0000
353	ainf_export_1779053111.32.json	sAMY	m6	1415.7219	true	-0.0726	0.0000	0.0000	1415.7219	0.0000	0.0000	0.0000	0.0000	0.0000
354	ainf_export_1779053122.18.json	sAMY	m6	1415.4123	true	-0.0726	0.0000	0.0000	1415.4123	0.0000	0.0000	0.0000	0.0000	0.0000
355	ainf_export_1779053133.00.json	sAMY	m6	1414.7781	true	-0.0726	0.0000	-0.0000	1414.7781	0.0000	0.0000	0.0000	0.0000	0.0000
356	ainf_export_1779053143.87.json	sAMY	m6	1414.9478	true	-0.0726	0.0000	-0.0000	1414.9478	0.0000	0.0000	0.0000	0.0000	0.0000
357	ainf_export_1779053154.73.json	sAMY	m6	1413.9756	true	-0.0726	0.0000	-0.0000	1413.9756	0.0000	0.0000	0.0000	0.0000	0.0000
358	ainf_export_1779053165.56.json	sAMY	m6	1414.2012	true	-0.0726	0.0000	-0.0000	1414.2012	0.0000	0.0000	0.0000	0.0000	0.0000
359	ainf_export_1779053176.43.json	sAMY	m6	1412.6818	true	-0.0726	0.0000	0.0000	1412.6818	0.0000	0.0000	0.0000	0.0000	0.0000
360	ainf_export_1779053187.27.json	sAMY	m6	1409.9205	true	-0.0726	0.0000	-0.0000	1409.9205	0.0000	0.0000	0.0000	0.0000	0.0000
361	ainf_export_1779053198.20.json	sAMY	m6	1411.0615	true	-0.0726	0.0000	0.0000	1411.0615	0.0000	0.0000	0.0000	0.0000	0.0000
362	ainf_export_1779053208.97.json	sAMY	m6	1406.1551	true	-0.0726	0.0000	-0.0000	1406.1551	0.0000	0.0000	0.0000	0.0000	0.0000
363	ainf_export_1779053219.76.json	sAMY	m6	1408.0763	true	-0.0726	0.0000	-0.0000	1408.0763	0.0000	0.0000	0.0000	0.0000	0.0000
364	ainf_export_1779053230.56.json	sAMY	m6	1409.6227	true	-0.0726	0.0000	0.0000	1409.6227	0.0000	0.0000	0.0000	0.0000	0.0000
365	ainf_export_1779053241.49.json	sAMY	m6	1413.1889	true	-0.0726	0.0000	-0.0000	1413.1889	0.0000	0.0000	0.0000	0.0000	0.0000
366	ainf_export_1779053252.26.json	sAMY	m6	1412.7186	true	-0.0726	0.0000	0.0000	1412.7186	0.0000	0.0000	0.0000	0.0000	0.0000
367	ainf_export_1779053263.09.json	sAMY	m6	1409.0494	true	-0.0726	0.0000	-0.0000	1409.0494	0.0000	0.0000	0.0000	0.0000	0.0000
368	ainf_export_1779053273.93.json	sAMY	m6	1401.4955	true	-0.0726	0.0000	-0.0000	1401.4955	0.0000	0.0000	0.0000	0.0000	0.0000
369	ainf_export_1779053285.07.json	sAMY	m6	1403.4585	true	-0.0726	0.0000	0.0000	1403.4585	0.0000	0.0000	0.0000	0.0000	0.0000
370	ainf_export_1779053295.98.json	sAMY	m6	1404.9863	true	-0.0726	0.0000	0.0000	1404.9863	0.0000	0.0000	0.0000	0.0000	0.0000
371	ainf_export_1779053306.82.json	sAMY	m6	1394.1822	true	-0.0726	0.0000	0.0000	1394.1822	0.0000	0.0000	0.0000	0.0000	0.0000
372	ainf_export_1779053317.64.json	sAMY	m6	1373.5418	true	-0.0726	0.0000	0.0000	1373.5418	0.0000	0.0000	0.0000	0.0000	0.0000
373	ainf_export_1779053328.44.json	sAMY	m6	1333.1966	true	-0.0726	0.0000	-0.0000	1333.1966	0.0000	0.0000	0.0000	0.0000	0.0000
374	ainf_export_1779053339.43.json	sAMY	m6	1382.4031	true	-0.0726	0.0000	0.0000	1382.4031	0.0000	0.0000	0.0000	0.0000	0.0000
375	ainf_export_1779053350.23.json	sAMY	m6	1403.9366	true	-0.0726	0.0000	0.0000	1403.9366	0.0000	0.0000	0.0000	0.0000	0.0000
376	ainf_export_1779053361.01.json	sAMY	m6	1411.7209	true	-0.0726	0.0000	-0.0000	1411.7209	0.0000	0.0000	0.0000	0.0000	0.0000
377	ainf_export_1779053371.82.json	sAMY	m6	1412.1759	true	-0.0705	0.0000	0.0000	1412.1759	0.0000	0.0000	0.0000	0.0000	0.0000
378	ainf_export_1779053382.59.json	sAMY	m6	1409.0085	true	-0.0705	0.0000	0.0000	1409.0085	0.0000	0.0000	0.0000	0.0000	0.0000
379	ainf_export_1779053393.27.json	sAMY	m6	1403.2820	true	-0.0705	0.0000	-0.0000	1403.2820	0.0000	0.0000	0.0000	0.0000	0.0000
380	ainf_export_1779053403.98.json	sAMY	m6	1392.1393	true	-0.0705	0.0000	0.0000	1392.1393	0.0000	0.0000	0.0000	0.0000	0.0000
381	ainf_export_1779053414.79.json	sAMY	m6	1368.0155	true	-0.0705	0.0000	-0.0000	1368.0155	0.0000	0.0000	0.0000	0.0000	0.0000
382	ainf_export_1779053425.54.json	sAMY	m6	1375.1990	true	-0.0705	0.0000	-0.0000	1375.1990	0.0000	0.0000	0.0000	0.0000	0.0000
383	ainf_export_1779053436.28.json	sAMY	m6	1403.6256	true	-0.0705	0.0000	0.0000	1403.6256	0.0000	0.0000	0.0000	0.0000	0.0000
384	ainf_export_1779053447.08.json	sAMY	m6	1411.0417	true	-0.0705	0.0000	-0.0000	1411.0417	0.0000	0.0000	0.0000	0.0000	0.0000
385	ainf_export_1779053457.83.json	sAMY	m6	1413.7751	true	-0.0705	0.0000	0.0000	1413.7751	0.0000	0.0000	0.0000	0.0000	0.0000
386	ainf_export_1779053468.52.json	sAMY	m6	1415.1567	true	-0.0705	0.0000	-0.0000	1415.1567	0.0000	0.0000	0.0000	0.0000	0.0000
387	ainf_export_1779053479.24.json	sAMY	m6	1415.2565	true	-0.0705	0.0000	-0.0000	1415.2565	0.0000	0.0000	0.0000	0.0000	0.0000
388	ainf_export_1779053490.00.json	sAMY	m6	1414.5562	true	-0.0705	0.0000	-0.0000	1414.5562	0.0000	0.0000	0.0000	0.0000	0.0000
389	ainf_export_1779053500.72.json	sAMY	m6	1413.2954	true	-0.0705	0.0000	0.0000	1413.2954	0.0000	0.0000	0.0000	0.0000	0.0000
390	ainf_export_1779053511.48.json	sAMY	m6	1410.9823	true	-0.0705	0.0000	-0.0000	1410.9823	0.0000	0.0000	0.0000	0.0000	0.0000
391	ainf_export_1779053522.23.json	sAMY	m6	1406.5111	true	-0.0705	0.0000	0.0000	1406.5111	0.0000	0.0000	0.0000	0.0000	0.0000
392	ainf_export_1779053533.10.json	sAMY	m6	1398.1137	true	-0.0705	0.0000	-0.0000	1398.1137	0.0000	0.0000	0.0000	0.0000	0.0000
393	ainf_export_1779053543.85.json	sAMY	m6	1382.3375	true	-0.0705	0.0000	-0.0000	1382.3375	0.0000	0.0000	0.0000	0.0000	0.0000
394	ainf_export_1779053554.56.json	sAMY	m6	1401.9785	true	-0.0705	0.0000	-0.0000	1401.9785	0.0000	0.0000	0.0000	0.0000	0.0000
395	ainf_export_1779053565.28.json	sAMY	m6	1404.0365	true	-0.0705	0.0000	0.0000	1404.0365	0.0000	0.0000	0.0000	0.0000	0.0000
396	ainf_export_1779053576.13.json	sAMY	m6	1412.0353	true	-0.0705	0.0000	-0.0000	1412.0353	0.0000	0.0000	0.0000	0.0000	0.0000
397	ainf_export_1779053586.52.json	sAMY	m6	1408.5970	true	-0.0705	0.0000	0.0000	1408.5970	0.0000	0.0000	0.0000	0.0000	0.0000
398	ainf_export_1779053597.23.json	sAMY	m6	1402.2321	true	-0.0705	0.0000	-0.0000	1402.2321	0.0000	0.0000	0.0000	0.0000	0.0000
399	ainf_export_1779053608.00.json	sAMY	m6	1404.7243	true	-0.0705	0.0000	-0.0000	1404.7243	0.0000	0.0000	0.0000	0.0000	0.0000
400	ainf_export_1779053618.71.json	sAMY	m6	1406.7694	true	-0.0705	0.0000	0.0000	1406.7694	0.0000	0.0000	0.0000	0.0000	0.0000
401	ainf_export_1779053629.42.json	sAMY	m6	1398.2579	true	-0.0705	0.0000	0.0000	1398.2579	0.0000	0.0000	0.0000	0.0000	0.0000
402	ainf_export_1779053640.25.json	sAMY	m6	1400.7262	true	-0.0705	0.0000	0.0000	1400.7262	0.0000	0.0000	0.0000	0.0000	0.0000
403	ainf_export_1779053651.20.json	sAMY	m6	1403.0707	true	-0.0705	0.0000	0.0000	1403.0707	0.0000	0.0000	0.0000	0.0000	0.0000
404	ainf_export_1779053661.97.json	sAMY	m6	1411.6802	true	-0.0705	0.0000	-0.0000	1411.6802	0.0000	0.0000	0.0000	0.0000	0.0000
405	ainf_export_1779053672.75.json	sAMY	m6	1414.2603	true	-0.0705	0.0000	-0.0000	1414.2603	0.0000	0.0000	0.0000	0.0000	0.0000
406	ainf_export_1779053683.60.json	sAMY	m6	1412.6652	true	-0.0705	0.0000	0.0000	1412.6652	0.0000	0.0000	0.0000	0.0000	0.0000
407	ainf_export_1779053694.35.json	sAMY	m6	1409.8292	true	-0.0705	0.0000	-0.0000	1409.8292	0.0000	0.0000	0.0000	0.0000	0.0000
408	ainf_export_1779053705.19.json	sAMY	m6	1404.5849	true	-0.0705	0.0000	-0.0000	1404.5849	0.0000	0.0000	0.0000	0.0000	0.0000
409	ainf_export_1779053716.06.json	sAMY	m6	1394.2992	true	-0.0705	0.0000	-0.0000	1394.2992	0.0000	0.0000	0.0000	0.0000	0.0000
410	ainf_export_1779053726.87.json	sAMY	m6	1407.4924	true	-0.0705	0.0000	-0.0000	1407.4924	0.0000	0.0000	0.0000	0.0000	0.0000
411	ainf_export_1779053737.66.json	sAMY	m6	1412.5121	true	-0.0705	0.0000	0.0000	1412.5121	0.0000	0.0000	0.0000	0.0000	0.0000
412	ainf_export_1779053748.39.json	sAMY	m6	1414.8088	true	-0.0705	0.0000	0.0000	1414.8088	0.0000	0.0000	0.0000	0.0000	0.0000
413	ainf_export_1779053759.13.json	sAMY	m6	1415.5582	true	-0.0705	0.0000	0.0000	1415.5582	0.0000	0.0000	0.0000	0.0000	0.0000
414	ainf_export_1779053769.91.json	sAMY	m6	1415.6193	true	-0.0705	0.0000	0.0000	1415.6193	0.0000	0.0000	0.0000	0.0000	0.0000
415	ainf_export_1779053780.75.json	sAMY	m6	1415.2663	true	-0.0705	0.0000	-0.0000	1415.2663	0.0000	0.0000	0.0000	0.0000	0.0000
416	ainf_export_1779053791.96.json	sAMY	m6	1414.6473	true	-0.0705	0.0000	0.0000	1414.6473	0.0000	0.0000	0.0000	0.0000	0.0000
417	ainf_export_1779053802.69.json	sAMY	m6	1413.5125	true	-0.0705	0.0000	0.0000	1413.5125	0.0000	0.0000	0.0000	0.0000	0.0000
418	ainf_export_1779053813.45.json	sAMY	m6	1411.2084	true	-0.0705	0.0000	-0.0000	1411.2084	0.0000	0.0000	0.0000	0.0000	0.0000
419	ainf_export_1779053824.27.json	sAMY	m6	1406.6933	true	-0.0705	0.0000	0.0000	1406.6933	0.0000	0.0000	0.0000	0.0000	0.0000
420	ainf_export_1779053835.22.json	sAMY	m6	1407.7833	true	-0.0705	0.0000	-0.0000	1407.7833	0.0000	0.0000	0.0000	0.0000	0.0000
421	ainf_export_1779053846.07.json	sAMY	m6	1412.6752	true	-0.0705	0.0000	0.0000	1412.6752	0.0000	0.0000	0.0000	0.0000	0.0000
422	ainf_export_1779053856.86.json	sAMY	m6	1413.2597	true	-0.0705	0.0000	0.0000	1413.2597	0.0000	0.0000	0.0000	0.0000	0.0000
423	ainf_export_1779053867.52.json	sAMY	m6	1413.7367	true	-0.0705	0.0000	-0.0000	1413.7367	0.0000	0.0000	0.0000	0.0000	0.0000
424	ainf_export_1779053878.29.json	sAMY	m6	1414.0769	true	-0.0705	0.0000	0.0000	1414.0769	0.0000	0.0000	0.0000	0.0000	0.0000
425	ainf_export_1779053889.16.json	sAMY	m6	1412.4570	true	-0.0705	0.0000	-0.0000	1412.4570	0.0000	0.0000	0.0000	0.0000	0.0000
426	ainf_export_1779053899.91.json	sAMY	m6	1409.2593	true	-0.0705	0.0000	-0.0000	1409.2593	0.0000	0.0000	0.0000	0.0000	0.0000
427	ainf_export_1779053910.64.json	sAMY	m6	1409.8632	true	-0.0746	0.0000	-0.0000	1409.8632	0.0000	0.0000	0.0000	0.0000	0.0000
428	ainf_export_1779053921.37.json	sAMY	m6	1413.5996	true	-0.0746	0.0000	-0.0000	1413.5996	0.0000	0.0000	0.0000	0.0000	0.0000
429	ainf_export_1779053932.08.json	sAMY	m6	1411.3746	true	-0.0746	0.0000	0.0000	1411.3746	0.0000	0.0000	0.0000	0.0000	0.0000
430	ainf_export_1779053942.88.json	sAMY	m6	1412.1599	true	-0.0746	0.0000	0.0000	1412.1599	0.0000	0.0000	0.0000	0.0000	0.0000
431	ainf_export_1779053953.70.json	sAMY	m6	1408.4261	true	-0.0746	0.0000	-0.0000	1408.4261	0.0000	0.0000	0.0000	0.0000	0.0000
432	ainf_export_1779053964.45.json	sAMY	m6	1409.0015	true	-0.0746	0.0000	0.0000	1409.0015	0.0000	0.0000	0.0000	0.0000	0.0000
433	ainf_export_1779053975.19.json	sAMY	m6	1409.8105	true	-0.0746	0.0000	-0.0000	1409.8105	0.0000	0.0000	0.0000	0.0000	0.0000
434	ainf_export_1779053985.93.json	sAMY	m6	1403.7039	true	-0.0746	0.0000	-0.0000	1403.7039	0.0000	0.0000	0.0000	0.0000	0.0000
435	ainf_export_1779053996.72.json	sAMY	m6	1392.6340	true	-0.0746	0.0000	0.0000	1392.6340	0.0000	0.0000	0.0000	0.0000	0.0000
436	ainf_export_1779054007.49.json	sAMY	m6	1397.1655	true	-0.0746	0.0000	-0.0000	1397.1655	0.0000	0.0000	0.0000	0.0000	0.0000
437	ainf_export_1779054018.24.json	sAMY	m6	1376.2671	true	-0.0746	0.0000	-0.0000	1376.2671	0.0000	0.0000	0.0000	0.0000	0.0000
438	ainf_export_1779054028.99.json	sAMY	m6	1331.9592	true	-0.0746	0.0000	-0.0000	1331.9592	0.0000	0.0000	0.0000	0.0000	0.0000
439	ainf_export_1779054039.78.json	sAMY	m6	1383.6584	true	-0.0746	0.0000	0.0000	1383.6584	0.0000	0.0000	0.0000	0.0000	0.0000
440	ainf_export_1779054050.64.json	sAMY	m6	1400.4942	true	-0.0746	0.0000	0.0000	1400.4942	0.0000	0.0000	0.0000	0.0000	0.0000
441	ainf_export_1779054061.41.json	sAMY	m6	1380.0602	true	-0.0746	0.0000	0.0000	1380.0602	0.0000	0.0000	0.0000	0.0000	0.0000
442	ainf_export_1779054072.17.json	sAMY	m6	1339.3103	true	-0.0746	0.0000	-0.0000	1339.3103	0.0000	0.0000	0.0000	0.0000	0.0000
443	ainf_export_1779054083.14.json	sAMY	m6	1350.6214	true	-0.0746	0.0000	0.0000	1350.6214	0.0000	0.0000	0.0000	0.0000	0.0000
444	ainf_export_1779054093.90.json	sAMY	m6	1358.9373	true	-0.0746	0.0000	0.0000	1358.9373	0.0000	0.0000	0.0000	0.0000	0.0000
445	ainf_export_1779054104.61.json	sAMY	m6	1305.6535	true	-0.0746	0.0000	-0.0000	1305.6535	0.0000	0.0000	0.0000	0.0000	0.0000
446	ainf_export_1779054115.39.json	sAMY	m6	1206.0593	true	-0.0746	0.0000	-0.0000	1206.0593	0.0000	0.0000	0.0000	0.0000	0.0000
447	ainf_export_1779054126.00.json	sAMY	m6	1228.3587	true	-0.0746	0.0000	0.0000	1228.3587	0.0000	0.0000	0.0000	0.0000	0.0000
448	ainf_export_1779054136.71.json	sAMY	m6	1343.2218	true	-0.0746	0.0000	-0.0000	1343.2218	0.0000	0.0000	0.0000	0.0000	0.0000
449	ainf_export_1779054147.42.json	sAMY	m6	1388.5161	true	-0.0746	0.0000	-0.0000	1388.5161	0.0000	0.0000	0.0000	0.0000	0.0000
450	ainf_export_1779054158.10.json	sAMY	m6	1404.0799	true	-0.0746	0.0000	0.0000	1404.0799	0.0000	0.0000	0.0000	0.0000	0.0000
451	ainf_export_1779054168.81.json	sAMY	m6	1411.1371	true	-0.0746	0.0000	-0.0000	1411.1371	0.0000	0.0000	0.0000	0.0000	0.0000
452	ainf_export_1779054179.51.json	sAMY	m6	1406.9433	true	-0.0746	0.0000	0.0000	1406.9433	0.0000	0.0000	0.0000	0.0000	0.0000
453	ainf_export_1779054190.23.json	sAMY	m6	1398.9701	true	-0.0746	0.0000	-0.0000	1398.9701	0.0000	0.0000	0.0000	0.0000	0.0000
454	ainf_export_1779054201.02.json	sAMY	m6	1382.3075	true	-0.0746	0.0000	0.0000	1382.3075	0.0000	0.0000	0.0000	0.0000	0.0000
455	ainf_export_1779054211.79.json	sAMY	m6	1349.6147	true	-0.0746	0.0000	0.0000	1349.6147	0.0000	0.0000	0.0000	0.0000	0.0000
456	ainf_export_1779054222.56.json	sAMY	m6	1286.9912	true	-0.0746	0.0000	-0.0000	1286.9912	0.0000	0.0000	0.0000	0.0000	0.0000
457	ainf_export_1779054233.25.json	sAMY	m6	1302.0701	true	-0.0746	0.0000	-0.0000	1302.0701	0.0000	0.0000	0.0000	0.0000	0.0000
458	ainf_export_1779054244.09.json	sAMY	m6	1318.3427	true	-0.0746	0.0000	0.0000	1318.3427	0.0000	0.0000	0.0000	0.0000	0.0000
459	ainf_export_1779054254.92.json	sAMY	m6	1214.3820	true	-0.0746	0.0000	0.0000	1214.3820	0.0000	0.0000	0.0000	0.0000	0.0000
460	ainf_export_1779054265.67.json	sAMY	m6	1231.8594	true	-0.0746	0.0000	0.0000	1231.8594	0.0000	0.0000	0.0000	0.0000	0.0000
461	ainf_export_1779054276.52.json	sAMY	m6	1333.1396	true	-0.0746	0.0000	-0.0000	1333.1396	0.0000	0.0000	0.0000	0.0000	0.0000
462	ainf_export_1779054287.29.json	sAMY	m6	1386.7115	true	-0.0746	0.0000	-0.0000	1386.7115	0.0000	0.0000	0.0000	0.0000	0.0000
463	ainf_export_1779054298.11.json	sAMY	m6	1405.6147	true	-0.0746	0.0000	0.0000	1405.6147	0.0000	0.0000	0.0000	0.0000	0.0000
464	ainf_export_1779054309.01.json	sAMY	m6	1407.4631	true	-0.0746	0.0000	0.0000	1407.4631	0.0000	0.0000	0.0000	0.0000	0.0000
465	ainf_export_1779054319.81.json	sAMY	m6	1399.4169	true	-0.0746	0.0000	0.0000	1399.4169	0.0000	0.0000	0.0000	0.0000	0.0000
466	ainf_export_1779054330.66.json	sAMY	m6	1410.0460	true	-0.0746	0.0000	0.0000	1410.0460	0.0000	0.0000	0.0000	0.0000	0.0000
467	ainf_export_1779054341.44.json	sAMY	m6	1404.7136	true	-0.0746	0.0000	-0.0000	1404.7136	0.0000	0.0000	0.0000	0.0000	0.0000
468	ainf_export_1779054352.17.json	sAMY	m6	1394.4117	true	-0.0746	0.0000	0.0000	1394.4117	0.0000	0.0000	0.0000	0.0000	0.0000
469	ainf_export_1779054363.01.json	sAMY	m6	1375.0150	true	-0.0746	0.0000	-0.0000	1375.0150	0.0000	0.0000	0.0000	0.0000	0.0000
470	ainf_export_1779054373.78.json	sAMY	m6	1336.8167	true	-0.0746	0.0000	-0.0000	1336.8167	0.0000	0.0000	0.0000	0.0000	0.0000
471	ainf_export_1779054384.65.json	sAMY	m6	1267.0331	true	-0.0746	0.0000	-0.0000	1267.0331	0.0000	0.0000	0.0000	0.0000	0.0000
472	ainf_export_1779054395.38.json	sAMY	m6	1130.2291	true	-0.0746	0.0000	0.0000	1130.2291	0.0000	0.0000	0.0000	0.0000	0.0000
473	ainf_export_1779054406.10.json	sAMY	m6	1328.4267	true	-0.0746	0.0000	-0.0000	1328.4267	0.0000	0.0000	0.0000	0.0000	0.0000
474	ainf_export_1779054416.85.json	sAMY	m6	1386.0516	true	-0.0746	0.0000	-0.0000	1386.0516	0.0000	0.0000	0.0000	0.0000	0.0000
475	ainf_export_1779054427.68.json	sAMY	m6	1405.5679	true	-0.0746	0.0000	-0.0000	1405.5679	0.0000	0.0000	0.0000	0.0000	0.0000
476	ainf_export_1779054438.42.json	sAMY	m6	1407.7752	true	-0.0746	0.0000	-0.0000	1407.7752	0.0000	0.0000	0.0000	0.0000	0.0000
477	ainf_export_1779054449.19.json	sAMY	m6	1400.0205	true	-0.0693	0.0000	-0.0000	1400.0205	0.0000	0.0000	0.0000	0.0000	0.0000
478	ainf_export_1779054459.96.json	sAMY	m6	1385.4265	true	-0.0693	0.0000	-0.0000	1385.4265	0.0000	0.0000	0.0000	0.0000	0.0000
479	ainf_export_1779054470.72.json	sAMY	m6	1358.3406	true	-0.0693	0.0000	0.0000	1358.3406	0.0000	0.0000	0.0000	0.0000	0.0000
480	ainf_export_1779054481.52.json	sAMY	m6	1364.0573	true	-0.0693	0.0000	-0.0000	1364.0573	0.0000	0.0000	0.0000	0.0000	0.0000
481	ainf_export_1779054492.40.json	sAMY	m6	1393.9842	true	-0.0693	0.0000	-0.0000	1393.9842	0.0000	0.0000	0.0000	0.0000	0.0000
482	ainf_export_1779054503.12.json	sAMY	m6	1398.4339	true	-0.0693	0.0000	-0.0000	1398.4339	0.0000	0.0000	0.0000	0.0000	0.0000
483	ainf_export_1779054513.92.json	sAMY	m6	1409.3232	true	-0.0693	0.0000	-0.0000	1409.3232	0.0000	0.0000	0.0000	0.0000	0.0000
484	ainf_export_1779054524.66.json	sAMY	m6	1410.4903	true	-0.0693	0.0000	-0.0000	1410.4903	0.0000	0.0000	0.0000	0.0000	0.0000
485	ainf_export_1779054535.42.json	sAMY	m6	1411.4557	true	-0.0693	0.0000	0.0000	1411.4557	0.0000	0.0000	0.0000	0.0000	0.0000
486	ainf_export_1779054546.22.json	sAMY	m6	1407.6222	true	-0.0693	0.0000	0.0000	1407.6222	0.0000	0.0000	0.0000	0.0000	0.0000
487	ainf_export_1779054557.04.json	sAMY	m6	1400.4040	true	-0.0693	0.0000	0.0000	1400.4040	0.0000	0.0000	0.0000	0.0000	0.0000
488	ainf_export_1779054567.78.json	sAMY	m6	1384.3798	true	-0.0693	0.0000	0.0000	1384.3798	0.0000	0.0000	0.0000	0.0000	0.0000
489	ainf_export_1779054578.51.json	sAMY	m6	1352.9430	true	-0.0693	0.0000	-0.0000	1352.9430	0.0000	0.0000	0.0000	0.0000	0.0000
490	ainf_export_1779054589.23.json	sAMY	m6	1292.5480	true	-0.0693	0.0000	0.0000	1292.5480	0.0000	0.0000	0.0000	0.0000	0.0000
491	ainf_export_1779054600.05.json	sAMY	m6	1369.4953	true	-0.0693	0.0000	-0.0000	1369.4953	0.0000	0.0000	0.0000	0.0000	0.0000
492	ainf_export_1779054610.94.json	sAMY	m6	1397.0819	true	-0.0693	0.0000	0.0000	1397.0819	0.0000	0.0000	0.0000	0.0000	0.0000
493	ainf_export_1779054621.74.json	sAMY	m6	1407.1756	true	-0.0693	0.0000	-0.0000	1407.1756	0.0000	0.0000	0.0000	0.0000	0.0000
494	ainf_export_1779054632.50.json	sAMY	m6	1412.7279	true	-0.0693	0.0000	-0.0000	1412.7279	0.0000	0.0000	0.0000	0.0000	0.0000
495	ainf_export_1779054643.28.json	sAMY	m6	1413.1458	true	-0.0693	0.0000	-0.0000	1413.1458	0.0000	0.0000	0.0000	0.0000	0.0000
496	ainf_export_1779054654.02.json	sAMY	m6	1410.7228	true	-0.0693	0.0000	-0.0000	1410.7228	0.0000	0.0000	0.0000	0.0000	0.0000
497	ainf_export_1779054664.84.json	sAMY	m6	1406.2627	true	-0.0693	0.0000	0.0000	1406.2627	0.0000	0.0000	0.0000	0.0000	0.0000
498	ainf_export_1779054675.65.json	sAMY	m6	1407.5449	true	-0.0693	0.0000	-0.0000	1407.5449	0.0000	0.0000	0.0000	0.0000	0.0000
499	ainf_export_1779054686.41.json	sAMY	m6	1400.5159	true	-0.0693	0.0000	0.0000	1400.5159	0.0000	0.0000	0.0000	0.0000	0.0000
500	ainf_export_1779054697.18.json	sAMY	m6	1402.4499	true	-0.0693	0.0000	0.0000	1402.4499	0.0000	0.0000	0.0000	0.0000	0.0000
501	ainf_export_1779054707.90.json	sAMY	m6	1403.9893	true	-0.0693	0.0000	-0.0000	1403.9893	0.0000	0.0000	0.0000	0.0000	0.0000
502	ainf_export_1779054718.67.json	sAMY	m6	1393.3271	true	-0.0693	0.0000	-0.0000	1393.3271	0.0000	0.0000	0.0000	0.0000	0.0000
503	ainf_export_1779054729.39.json	sAMY	m6	1372.2727	true	-0.0693	0.0000	-0.0000	1372.2727	0.0000	0.0000	0.0000	0.0000	0.0000
504	ainf_export_1779054740.19.json	sAMY	m6	1380.2669	true	-0.0693	0.0000	0.0000	1380.2669	0.0000	0.0000	0.0000	0.0000	0.0000
505	ainf_export_1779054750.90.json	sAMY	m6	1403.8185	true	-0.0693	0.0000	-0.0000	1403.8185	0.0000	0.0000	0.0000	0.0000	0.0000
506	ainf_export_1779054761.63.json	sAMY	m6	1410.7600	true	-0.0693	0.0000	-0.0000	1410.7600	0.0000	0.0000	0.0000	0.0000	0.0000
507	ainf_export_1779054772.40.json	sAMY	m6	1414.1527	true	-0.0693	0.0000	0.0000	1414.1527	0.0000	0.0000	0.0000	0.0000	0.0000
508	ainf_export_1779054783.10.json	sAMY	m6	1415.3073	true	-0.0693	0.0000	-0.0000	1415.3073	0.0000	0.0000	0.0000	0.0000	0.0000
509	ainf_export_1779054794.10.json	sAMY	m6	1414.7055	true	-0.0693	0.0000	-0.0000	1414.7055	0.0000	0.0000	0.0000	0.0000	0.0000
510	ainf_export_1779054805.17.json	sAMY	m6	1413.6341	true	-0.0693	0.0000	0.0000	1413.6341	0.0000	0.0000	0.0000	0.0000	0.0000
511	ainf_export_1779054815.87.json	sAMY	m6	1411.4987	true	-0.0693	0.0000	0.0000	1411.4987	0.0000	0.0000	0.0000	0.0000	0.0000
512	ainf_export_1779054826.58.json	sAMY	m6	1412.2261	true	-0.0693	0.0000	-0.0000	1412.2261	0.0000	0.0000	0.0000	0.0000	0.0000
513	ainf_export_1779054837.25.json	sAMY	m6	1408.9579	true	-0.0693	0.0000	-0.0000	1408.9579	0.0000	0.0000	0.0000	0.0000	0.0000
514	ainf_export_1779054848.09.json	sAMY	m6	1402.2216	true	-0.0693	0.0000	0.0000	1402.2216	0.0000	0.0000	0.0000	0.0000	0.0000
515	ainf_export_1779054858.84.json	sAMY	m6	1403.4185	true	-0.0693	0.0000	-0.0000	1403.4185	0.0000	0.0000	0.0000	0.0000	0.0000
516	ainf_export_1779054869.62.json	sAMY	m6	1410.0367	true	-0.0693	0.0000	-0.0000	1410.0367	0.0000	0.0000	0.0000	0.0000	0.0000
517	ainf_export_1779054880.39.json	sAMY	m6	1404.6737	true	-0.0693	0.0000	0.0000	1404.6737	0.0000	0.0000	0.0000	0.0000	0.0000
518	ainf_export_1779054891.14.json	sAMY	m6	1394.8192	true	-0.0693	0.0000	0.0000	1394.8192	0.0000	0.0000	0.0000	0.0000	0.0000
519	ainf_export_1779054901.84.json	sAMY	m6	1397.7319	true	-0.0693	0.0000	-0.0000	1397.7319	0.0000	0.0000	0.0000	0.0000	0.0000
520	ainf_export_1779054912.58.json	sAMY	m6	1380.6387	true	-0.0693	0.0000	0.0000	1380.6387	0.0000	0.0000	0.0000	0.0000	0.0000
521	ainf_export_1779054923.34.json	sAMY	m6	1386.9265	true	-0.0693	0.0000	0.0000	1386.9265	0.0000	0.0000	0.0000	0.0000	0.0000
522	ainf_export_1779054934.18.json	sAMY	m6	1405.6921	true	-0.0693	0.0000	0.0000	1405.6921	0.0000	0.0000	0.0000	0.0000	0.0000
523	ainf_export_1779054944.88.json	sAMY	m6	1407.5771	true	-0.0693	0.0000	0.0000	1407.5771	0.0000	0.0000	0.0000	0.0000	0.0000
524	ainf_export_1779054955.61.json	sAMY	m6	1409.2207	true	-0.0693	0.0000	0.0000	1409.2207	0.0000	0.0000	0.0000	0.0000	0.0000
525	ainf_export_1779054966.38.json	sAMY	m6	1402.1065	true	-0.0693	0.0000	0.0000	1402.1065	0.0000	0.0000	0.0000	0.0000	0.0000
526	ainf_export_1779054977.22.json	sAMY	m6	1388.7643	true	-0.0693	0.0000	0.0000	1388.7643	0.0000	0.0000	0.0000	0.0000	0.0000
527	ainf_export_1779054988.03.json	sAMY	m6	1390.7364	true	-0.0681	0.0000	-0.0000	1390.7364	0.0000	0.0000	0.0000	0.0000	0.0000
528	ainf_export_1779054998.86.json	sAMY	m6	1407.1823	true	-0.0681	0.0000	-0.0000	1407.1823	0.0000	0.0000	0.0000	0.0000	0.0000
529	ainf_export_1779055009.58.json	sAMY	m6	1412.5761	true	-0.0681	0.0000	0.0000	1412.5761	0.0000	0.0000	0.0000	0.0000	0.0000
530	ainf_export_1779055020.37.json	sAMY	m6	1414.5072	true	-0.0681	0.0000	0.0000	1414.5072	0.0000	0.0000	0.0000	0.0000	0.0000
531	ainf_export_1779055031.19.json	sAMY	m6	1414.7361	true	-0.0681	0.0000	-0.0000	1414.7361	0.0000	0.0000	0.0000	0.0000	0.0000
532	ainf_export_1779055041.96.json	sAMY	m6	1414.8662	true	-0.0681	0.0000	-0.0000	1414.8662	0.0000	0.0000	0.0000	0.0000	0.0000
533	ainf_export_1779055052.70.json	sAMY	m6	1413.9245	true	-0.0681	0.0000	-0.0000	1413.9245	0.0000	0.0000	0.0000	0.0000	0.0000
534	ainf_export_1779055063.44.json	sAMY	m6	1412.1709	true	-0.0681	0.0000	0.0000	1412.1709	0.0000	0.0000	0.0000	0.0000	0.0000
535	ainf_export_1779055074.22.json	sAMY	m6	1408.5951	true	-0.0681	0.0000	-0.0000	1408.5951	0.0000	0.0000	0.0000	0.0000	0.0000
536	ainf_export_1779055084.89.json	sAMY	m6	1401.5550	true	-0.0681	0.0000	0.0000	1401.5550	0.0000	0.0000	0.0000	0.0000	0.0000
537	ainf_export_1779055095.72.json	sAMY	m6	1403.4230	true	-0.0681	0.0000	-0.0000	1403.4230	0.0000	0.0000	0.0000	0.0000	0.0000
538	ainf_export_1779055106.45.json	sAMY	m6	1405.3667	true	-0.0681	0.0000	-0.0000	1405.3667	0.0000	0.0000	0.0000	0.0000	0.0000
539	ainf_export_1779055117.17.json	sAMY	m6	1395.4840	true	-0.0681	0.0000	-0.0000	1395.4840	0.0000	0.0000	0.0000	0.0000	0.0000
540	ainf_export_1779055127.94.json	sAMY	m6	1397.4640	true	-0.0681	0.0000	-0.0000	1397.4640	0.0000	0.0000	0.0000	0.0000	0.0000
541	ainf_export_1779055138.66.json	sAMY	m6	1398.9400	true	-0.0681	0.0000	-0.0000	1398.9400	0.0000	0.0000	0.0000	0.0000	0.0000
542	ainf_export_1779055149.43.json	sAMY	m6	1401.7958	true	-0.0681	0.0000	-0.0000	1401.7958	0.0000	0.0000	0.0000	0.0000	0.0000
543	ainf_export_1779055160.12.json	sAMY	m6	1388.5749	true	-0.0681	0.0000	-0.0000	1388.5749	0.0000	0.0000	0.0000	0.0000	0.0000
544	ainf_export_1779055170.77.json	sAMY	m6	1406.1554	true	-0.0681	0.0000	-0.0000	1406.1554	0.0000	0.0000	0.0000	0.0000	0.0000
545	ainf_export_1779055181.49.json	sAMY	m6	1412.6020	true	-0.0681	0.0000	-0.0000	1412.6020	0.0000	0.0000	0.0000	0.0000	0.0000
546	ainf_export_1779055192.23.json	sAMY	m6	1414.6800	true	-0.0681	0.0000	0.0000	1414.6800	0.0000	0.0000	0.0000	0.0000	0.0000
547	ainf_export_1779055202.96.json	sAMY	m6	1414.7724	true	-0.0681	0.0000	0.0000	1414.7724	0.0000	0.0000	0.0000	0.0000	0.0000
548	ainf_export_1779055213.78.json	sAMY	m6	1413.6156	true	-0.0681	0.0000	0.0000	1413.6156	0.0000	0.0000	0.0000	0.0000	0.0000
549	ainf_export_1779055224.50.json	sAMY	m6	1411.3495	true	-0.0681	0.0000	0.0000	1411.3495	0.0000	0.0000	0.0000	0.0000	0.0000
550	ainf_export_1779055235.32.json	sAMY	m6	1407.0172	true	-0.0681	0.0000	-0.0000	1407.0172	0.0000	0.0000	0.0000	0.0000	0.0000
551	ainf_export_1779055246.01.json	sAMY	m6	1408.1395	true	-0.0681	0.0000	0.0000	1408.1395	0.0000	0.0000	0.0000	0.0000	0.0000
552	ainf_export_1779055256.70.json	sAMY	m6	1401.0423	true	-0.0681	0.0000	-0.0000	1401.0423	0.0000	0.0000	0.0000	0.0000	0.0000
553	ainf_export_1779055267.45.json	sAMY	m6	1386.9707	true	-0.0681	0.0000	-0.0000	1386.9707	0.0000	0.0000	0.0000	0.0000	0.0000
554	ainf_export_1779055278.22.json	sAMY	m6	1390.1597	true	-0.0681	0.0000	-0.0000	1390.1597	0.0000	0.0000	0.0000	0.0000	0.0000
555	ainf_export_1779055288.89.json	sAMY	m6	1365.2072	true	-0.0681	0.0000	-0.0000	1365.2072	0.0000	0.0000	0.0000	0.0000	0.0000
556	ainf_export_1779055299.60.json	sAMY	m6	1375.0877	true	-0.0681	0.0000	0.0000	1375.0877	0.0000	0.0000	0.0000	0.0000	0.0000
557	ainf_export_1779055310.31.json	sAMY	m6	1401.5011	true	-0.0681	0.0000	0.0000	1401.5011	0.0000	0.0000	0.0000	0.0000	0.0000
558	ainf_export_1779055321.07.json	sAMY	m6	1410.5556	true	-0.0681	0.0000	-0.0000	1410.5556	0.0000	0.0000	0.0000	0.0000	0.0000
559	ainf_export_1779055331.77.json	sAMY	m6	1414.0784	true	-0.0681	0.0000	-0.0000	1414.0784	0.0000	0.0000	0.0000	0.0000	0.0000
560	ainf_export_1779055342.53.json	sAMY	m6	1415.3033	true	-0.0681	0.0000	-0.0000	1415.3033	0.0000	0.0000	0.0000	0.0000	0.0000
561	ainf_export_1779055353.46.json	sAMY	m6	1414.7359	true	-0.0681	0.0000	0.0000	1414.7359	0.0000	0.0000	0.0000	0.0000	0.0000
562	ainf_export_1779055364.19.json	sAMY	m6	1414.8850	true	-0.0681	0.0000	0.0000	1414.8850	0.0000	0.0000	0.0000	0.0000	0.0000
563	ainf_export_1779055374.96.json	sAMY	m6	1413.9763	true	-0.0681	0.0000	-0.0000	1413.9763	0.0000	0.0000	0.0000	0.0000	0.0000
564	ainf_export_1779055385.85.json	sAMY	m6	1412.2198	true	-0.0681	0.0000	-0.0000	1412.2198	0.0000	0.0000	0.0000	0.0000	0.0000
565	ainf_export_1779055396.64.json	sAMY	m6	1412.5009	true	-0.0681	0.0000	-0.0000	1412.5009	0.0000	0.0000	0.0000	0.0000	0.0000
566	ainf_export_1779055407.32.json	sAMY	m6	1412.6906	true	-0.0681	0.0000	0.0000	1412.6906	0.0000	0.0000	0.0000	0.0000	0.0000
567	ainf_export_1779055418.07.json	sAMY	m6	1409.5113	true	-0.0681	0.0000	-0.0000	1409.5113	0.0000	0.0000	0.0000	0.0000	0.0000
568	ainf_export_1779055428.78.json	sAMY	m6	1404.0827	true	-0.0681	0.0000	-0.0000	1404.0827	0.0000	0.0000	0.0000	0.0000	0.0000
569	ainf_export_1779055439.65.json	sAMY	m6	1410.8166	true	-0.0681	0.0000	-0.0000	1410.8166	0.0000	0.0000	0.0000	0.0000	0.0000
570	ainf_export_1779055450.35.json	sAMY	m6	1411.6539	true	-0.0681	0.0000	0.0000	1411.6539	0.0000	0.0000	0.0000	0.0000	0.0000
571	ainf_export_1779055461.10.json	sAMY	m6	1414.5741	true	-0.0681	0.0000	0.0000	1414.5741	0.0000	0.0000	0.0000	0.0000	0.0000
572	ainf_export_1779055471.83.json	sAMY	m6	1414.7731	true	-0.0681	0.0000	-0.0000	1414.7731	0.0000	0.0000	0.0000	0.0000	0.0000
573	ainf_export_1779055482.58.json	sAMY	m6	1413.6372	true	-0.0681	0.0000	0.0000	1413.6372	0.0000	0.0000	0.0000	0.0000	0.0000
574	ainf_export_1779055493.35.json	sAMY	m6	1411.4805	true	-0.0681	0.0000	-0.0000	1411.4805	0.0000	0.0000	0.0000	0.0000	0.0000
575	ainf_export_1779055504.42.json	sAMY	m6	1407.8282	true	-0.0681	0.0000	0.0000	1407.8282	0.0000	0.0000	0.0000	0.0000	0.0000
576	ainf_export_1779055515.22.json	sAMY	m6	1412.8179	true	-0.0681	0.0000	0.0000	1412.8179	0.0000	0.0000	0.0000	0.0000	0.0000
577	ainf_export_1779055526.17.json	sAMY	m6	1413.3893	true	-0.0701	0.0000	-0.0000	1413.3893	0.0000	0.0000	0.0000	0.0000	0.0000
578	ainf_export_1779055536.89.json	sAMY	m6	1414.9890	true	-0.0701	0.0000	-0.0000	1414.9890	0.0000	0.0000	0.0000	0.0000	0.0000
579	ainf_export_1779055547.63.json	sAMY	m6	1413.9919	true	-0.0701	0.0000	0.0000	1413.9919	0.0000	0.0000	0.0000	0.0000	0.0000
580	ainf_export_1779055558.44.json	sAMY	m6	1414.3123	true	-0.0701	0.0000	-0.0000	1414.3123	0.0000	0.0000	0.0000	0.0000	0.0000
581	ainf_export_1779055569.25.json	sAMY	m6	1413.0393	true	-0.0701	0.0000	0.0000	1413.0393	0.0000	0.0000	0.0000	0.0000	0.0000
582	ainf_export_1779055580.08.json	sAMY	m6	1410.6218	true	-0.0701	0.0000	-0.0000	1410.6218	0.0000	0.0000	0.0000	0.0000	0.0000
583	ainf_export_1779055590.94.json	sAMY	m6	1411.4958	true	-0.0701	0.0000	0.0000	1411.4958	0.0000	0.0000	0.0000	0.0000	0.0000
584	ainf_export_1779055601.75.json	sAMY	m6	1414.0760	true	-0.0701	0.0000	0.0000	1414.0760	0.0000	0.0000	0.0000	0.0000	0.0000
585	ainf_export_1779055612.52.json	sAMY	m6	1415.2642	true	-0.0701	0.0000	-0.0000	1415.2642	0.0000	0.0000	0.0000	0.0000	0.0000
586	ainf_export_1779055623.39.json	sAMY	m6	1415.7207	true	-0.0701	0.0000	-0.0000	1415.7207	0.0000	0.0000	0.0000	0.0000	0.0000
587	ainf_export_1779055634.17.json	sAMY	m6	1415.8960	true	-0.0701	0.0000	-0.0000	1415.8960	0.0000	0.0000	0.0000	0.0000	0.0000
588	ainf_export_1779055644.94.json	sAMY	m6	1415.8016	true	-0.0701	0.0000	-0.0000	1415.8016	0.0000	0.0000	0.0000	0.0000	0.0000
589	ainf_export_1779055655.77.json	sAMY	m6	1415.6415	true	-0.0701	0.0000	0.0000	1415.6415	0.0000	0.0000	0.0000	0.0000	0.0000
590	ainf_export_1779055666.54.json	sAMY	m6	1415.3372	true	-0.0701	0.0000	-0.0000	1415.3372	0.0000	0.0000	0.0000	0.0000	0.0000
591	ainf_export_1779055677.39.json	sAMY	m6	1414.6708	true	-0.0701	0.0000	0.0000	1414.6708	0.0000	0.0000	0.0000	0.0000	0.0000
592	ainf_export_1779055688.15.json	sAMY	m6	1413.4003	true	-0.0701	0.0000	0.0000	1413.4003	0.0000	0.0000	0.0000	0.0000	0.0000
593	ainf_export_1779055698.99.json	sAMY	m6	1410.9691	true	-0.0701	0.0000	-0.0000	1410.9691	0.0000	0.0000	0.0000	0.0000	0.0000
594	ainf_export_1779055709.81.json	sAMY	m6	1414.1344	true	-0.0701	0.0000	0.0000	1414.1344	0.0000	0.0000	0.0000	0.0000	0.0000
595	ainf_export_1779055720.57.json	sAMY	m6	1414.4728	true	-0.0701	0.0000	0.0000	1414.4728	0.0000	0.0000	0.0000	0.0000	0.0000
596	ainf_export_1779055731.36.json	sAMY	m6	1415.3993	true	-0.0701	0.0000	-0.0000	1415.3993	0.0000	0.0000	0.0000	0.0000	0.0000
597	ainf_export_1779055742.12.json	sAMY	m6	1415.4948	true	-0.0701	0.0000	-0.0000	1415.4948	0.0000	0.0000	0.0000	0.0000	0.0000
598	ainf_export_1779055752.90.json	sAMY	m6	1415.0024	true	-0.0701	0.0000	0.0000	1415.0024	0.0000	0.0000	0.0000	0.0000	0.0000
599	ainf_export_1779055763.67.json	sAMY	m6	1414.0835	true	-0.0701	0.0000	0.0000	1414.0835	0.0000	0.0000	0.0000	0.0000	0.0000
600	ainf_export_1779055774.53.json	sAMY	m6	1414.2962	true	-0.0701	0.0000	0.0000	1414.2962	0.0000	0.0000	0.0000	0.0000	0.0000
601	ainf_export_1779055785.33.json	sAMY	m6	1415.3168	true	-0.0701	0.0000	0.0000	1415.3168	0.0000	0.0000	0.0000	0.0000	0.0000
602	ainf_export_1779055796.16.json	sAMY	m6	1415.7723	true	-0.0701	0.0000	-0.0000	1415.7723	0.0000	0.0000	0.0000	0.0000	0.0000
603	ainf_export_1779055806.95.json	sAMY	m6	1415.8169	true	-0.0701	0.0000	-0.0000	1415.8169	0.0000	0.0000	0.0000	0.0000	0.0000
604	ainf_export_1779055817.70.json	sAMY	m6	1415.6579	true	-0.0701	0.0000	0.0000	1415.6579	0.0000	0.0000	0.0000	0.0000	0.0000
605	ainf_export_1779055828.45.json	sAMY	m6	1415.3869	true	-0.0701	0.0000	0.0000	1415.3869	0.0000	0.0000	0.0000	0.0000	0.0000
606	ainf_export_1779055839.18.json	sAMY	m6	1414.8422	true	-0.0701	0.0000	0.0000	1414.8422	0.0000	0.0000	0.0000	0.0000	0.0000
607	ainf_export_1779055849.88.json	sAMY	m6	1413.7787	true	-0.0701	0.0000	0.0000	1413.7787	0.0000	0.0000	0.0000	0.0000	0.0000
608	ainf_export_1779055860.71.json	sAMY	m6	1414.0912	true	-0.0701	0.0000	0.0000	1414.0912	0.0000	0.0000	0.0000	0.0000	0.0000
609	ainf_export_1779055871.48.json	sAMY	m6	1415.1138	true	-0.0701	0.0000	-0.0000	1415.1138	0.0000	0.0000	0.0000	0.0000	0.0000
610	ainf_export_1779055882.23.json	sAMY	m6	1415.6378	true	-0.0701	0.0000	0.0000	1415.6378	0.0000	0.0000	0.0000	0.0000	0.0000
611	ainf_export_1779055892.96.json	sAMY	m6	1415.8730	true	-0.0701	0.0000	0.0000	1415.8730	0.0000	0.0000	0.0000	0.0000	0.0000
612	ainf_export_1779055903.72.json	sAMY	m6	1415.8939	true	-0.0701	0.0000	-0.0000	1415.8939	0.0000	0.0000	0.0000	0.0000	0.0000
613	ainf_export_1779055914.45.json	sAMY	m6	1415.9052	true	-0.0701	0.0000	0.0000	1415.9052	0.0000	0.0000	0.0000	0.0000	0.0000
614	ainf_export_1779055925.13.json	sAMY	m6	1415.9163	true	-0.0701	0.0000	-0.0000	1415.9163	0.0000	0.0000	0.0000	0.0000	0.0000
615	ainf_export_1779055935.99.json	sAMY	m6	1415.8455	true	-0.0701	0.0000	0.0000	1415.8455	0.0000	0.0000	0.0000	0.0000	0.0000
616	ainf_export_1779055946.73.json	sAMY	m6	1415.7058	true	-0.0701	0.0000	-0.0000	1415.7058	0.0000	0.0000	0.0000	0.0000	0.0000
617	ainf_export_1779055957.44.json	sAMY	m6	1415.4382	true	-0.0701	0.0000	-0.0000	1415.4382	0.0000	0.0000	0.0000	0.0000	0.0000
618	ainf_export_1779055968.22.json	sAMY	m6	1414.9166	true	-0.0701	0.0000	0.0000	1414.9166	0.0000	0.0000	0.0000	0.0000	0.0000
619	ainf_export_1779055979.04.json	sAMY	m6	1413.9445	true	-0.0701	0.0000	-0.0000	1413.9445	0.0000	0.0000	0.0000	0.0000	0.0000
620	ainf_export_1779055989.81.json	sAMY	m6	1415.2644	true	-0.0701	0.0000	0.0000	1415.2644	0.0000	0.0000	0.0000	0.0000	0.0000
621	ainf_export_1779056000.69.json	sAMY	m6	1415.7207	true	-0.0701	0.0000	-0.0000	1415.7207	0.0000	0.0000	0.0000	0.0000	0.0000
622	ainf_export_1779056011.54.json	sAMY	m6	1415.8918	true	-0.0701	0.0000	-0.0000	1415.8918	0.0000	0.0000	0.0000	0.0000	0.0000
623	ainf_export_1779056022.61.json	sAMY	m6	1415.9545	true	-0.0701	0.0000	0.0000	1415.9545	0.0000	0.0000	0.0000	0.0000	0.0000
624	ainf_export_1779056034.75.json	sAMY	m6	1415.9159	true	-0.0701	0.0000	-0.0000	1415.9159	0.0000	0.0000	0.0000	0.0000	0.0000
625	ainf_export_1779056045.93.json	sAMY	m6	1415.8521	true	-0.0701	0.0000	0.0000	1415.8521	0.0000	0.0000	0.0000	0.0000	0.0000
626	ainf_export_1779056056.96.json	sAMY	m6	1415.7297	true	-0.0701	0.0000	0.0000	1415.7297	0.0000	0.0000	0.0000	0.0000	0.0000
627	ainf_export_1779056067.90.json	sAMY	m6	1415.7601	true	-0.0659	0.0000	-0.0000	1415.7601	0.0000	0.0000	0.0000	0.0000	0.0000
628	ainf_export_1779056078.89.json	sAMY	m6	1415.9096	true	-0.0659	0.0000	-0.0000	1415.9096	0.0000	0.0000	0.0000	0.0000	0.0000
629	ainf_export_1779056089.76.json	sAMY	m6	1415.8261	true	-0.0659	0.0000	-0.0000	1415.8261	0.0000	0.0000	0.0000	0.0000	0.0000
630	ainf_export_1779056100.67.json	sAMY	m6	1415.8436	true	-0.0659	0.0000	0.0000	1415.8436	0.0000	0.0000	0.0000	0.0000	0.0000
631	ainf_export_1779056111.70.json	sAMY	m6	1415.7050	true	-0.0659	0.0000	0.0000	1415.7050	0.0000	0.0000	0.0000	0.0000	0.0000
632	ainf_export_1779056122.69.json	sAMY	m6	1415.7507	true	-0.0659	0.0000	0.0000	1415.7507	0.0000	0.0000	0.0000	0.0000	0.0000
633	ainf_export_1779056133.61.json	sAMY	m6	1415.5049	true	-0.0659	0.0000	0.0000	1415.5049	0.0000	0.0000	0.0000	0.0000	0.0000
634	ainf_export_1779056144.50.json	sAMY	m6	1415.5893	true	-0.0659	0.0000	0.0000	1415.5893	0.0000	0.0000	0.0000	0.0000	0.0000
635	ainf_export_1779056155.44.json	sAMY	m6	1415.8703	true	-0.0659	0.0000	0.0000	1415.8703	0.0000	0.0000	0.0000	0.0000	0.0000
636	ainf_export_1779056166.32.json	sAMY	m6	1415.9574	true	-0.0659	0.0000	0.0000	1415.9574	0.0000	0.0000	0.0000	0.0000	0.0000
637	ainf_export_1779056177.19.json	sAMY	m6	1415.9669	true	-0.0659	0.0000	-0.0000	1415.9669	0.0000	0.0000	0.0000	0.0000	0.0000
638	ainf_export_1779056188.18.json	sAMY	m6	1415.9899	true	-0.0659	0.0000	-0.0000	1415.9899	0.0000	0.0000	0.0000	0.0000	0.0000
639	ainf_export_1779056199.60.json	sAMY	m6	1415.9962	true	-0.0659	0.0000	-0.0000	1415.9962	0.0000	0.0000	0.0000	0.0000	0.0000
640	ainf_export_1779056210.53.json	sAMY	m6	1415.9986	true	-0.0659	0.0000	0.0000	1415.9986	0.0000	0.0000	0.0000	0.0000	0.0000
641	ainf_export_1779056221.45.json	sAMY	m6	1415.9972	true	-0.0659	0.0000	0.0000	1415.9972	0.0000	0.0000	0.0000	0.0000	0.0000
642	ainf_export_1779056232.39.json	sAMY	m6	1415.9951	true	-0.0659	0.0000	-0.0000	1415.9951	0.0000	0.0000	0.0000	0.0000	0.0000
643	ainf_export_1779056243.32.json	sAMY	m6	1415.9910	true	-0.0659	0.0000	-0.0000	1415.9910	0.0000	0.0000	0.0000	0.0000	0.0000
644	ainf_export_1779056254.27.json	sAMY	m6	1415.9835	true	-0.0659	0.0000	-0.0000	1415.9835	0.0000	0.0000	0.0000	0.0000	0.0000
645	ainf_export_1779056265.36.json	sAMY	m6	1415.9699	true	-0.0659	0.0000	0.0000	1415.9699	0.0000	0.0000	0.0000	0.0000	0.0000
646	ainf_export_1779056276.29.json	sAMY	m6	1415.9751	true	-0.0659	0.0000	-0.0000	1415.9751	0.0000	0.0000	0.0000	0.0000	0.0000
647	ainf_export_1779056287.16.json	sAMY	m6	1415.9480	true	-0.0659	0.0000	-0.0000	1415.9480	0.0000	0.0000	0.0000	0.0000	0.0000
648	ainf_export_1779056298.09.json	sAMY	m6	1415.8939	true	-0.0659	0.0000	-0.0000	1415.8939	0.0000	0.0000	0.0000	0.0000	0.0000
649	ainf_export_1779056308.97.json	sAMY	m6	1415.9510	true	-0.0659	0.0000	-0.0000	1415.9510	0.0000	0.0000	0.0000	0.0000	0.0000
650	ainf_export_1779056319.92.json	sAMY	m6	1415.9759	true	-0.0659	0.0000	0.0000	1415.9759	0.0000	0.0000	0.0000	0.0000	0.0000
651	ainf_export_1779056330.77.json	sAMY	m6	1415.9801	true	-0.0659	0.0000	-0.0000	1415.9801	0.0000	0.0000	0.0000	0.0000	0.0000
652	ainf_export_1779056341.61.json	sAMY	m6	1415.9585	true	-0.0659	0.0000	-0.0000	1415.9585	0.0000	0.0000	0.0000	0.0000	0.0000
653	ainf_export_1779056352.54.json	sAMY	m6	1415.9142	true	-0.0659	0.0000	0.0000	1415.9142	0.0000	0.0000	0.0000	0.0000	0.0000
654	ainf_export_1779056363.37.json	sAMY	m6	1415.9292	true	-0.0659	0.0000	-0.0000	1415.9292	0.0000	0.0000	0.0000	0.0000	0.0000
655	ainf_export_1779056374.23.json	sAMY	m6	1415.8636	true	-0.0659	0.0000	-0.0000	1415.8636	0.0000	0.0000	0.0000	0.0000	0.0000
656	ainf_export_1779056385.19.json	sAMY	m6	1415.7302	true	-0.0659	0.0000	-0.0000	1415.7302	0.0000	0.0000	0.0000	0.0000	0.0000
657	ainf_export_1779056396.18.json	sAMY	m6	1415.8827	true	-0.0659	0.0000	0.0000	1415.8827	0.0000	0.0000	0.0000	0.0000	0.0000
658	ainf_export_1779056407.16.json	sAMY	m6	1415.9539	true	-0.0659	0.0000	0.0000	1415.9539	0.0000	0.0000	0.0000	0.0000	0.0000
659	ainf_export_1779056418.09.json	sAMY	m6	1415.9849	true	-0.0659	0.0000	0.0000	1415.9849	0.0000	0.0000	0.0000	0.0000	0.0000
660	ainf_export_1779056428.99.json	sAMY	m6	1415.9940	true	-0.0659	0.0000	-0.0000	1415.9940	0.0000	0.0000	0.0000	0.0000	0.0000
661	ainf_export_1779056439.94.json	sAMY	m6	1415.9884	true	-0.0659	0.0000	-0.0000	1415.9884	0.0000	0.0000	0.0000	0.0000	0.0000
662	ainf_export_1779056450.85.json	sAMY	m6	1415.9778	true	-0.0659	0.0000	-0.0000	1415.9778	0.0000	0.0000	0.0000	0.0000	0.0000
663	ainf_export_1779056461.72.json	sAMY	m6	1415.9578	true	-0.0659	0.0000	-0.0000	1415.9578	0.0000	0.0000	0.0000	0.0000	0.0000
664	ainf_export_1779056472.71.json	sAMY	m6	1415.9177	true	-0.0659	0.0000	-0.0000	1415.9177	0.0000	0.0000	0.0000	0.0000	0.0000
665	ainf_export_1779056483.60.json	sAMY	m6	1415.8434	true	-0.0659	0.0000	0.0000	1415.8434	0.0000	0.0000	0.0000	0.0000	0.0000
666	ainf_export_1779056494.48.json	sAMY	m6	1415.9395	true	-0.0659	0.0000	-0.0000	1415.9395	0.0000	0.0000	0.0000	0.0000	0.0000
667	ainf_export_1779056505.31.json	sAMY	m6	1415.8824	true	-0.0659	0.0000	0.0000	1415.8824	0.0000	0.0000	0.0000	0.0000	0.0000
668	ainf_export_1779056516.26.json	sAMY	m6	1415.7721	true	-0.0659	0.0000	-0.0000	1415.7721	0.0000	0.0000	0.0000	0.0000	0.0000
669	ainf_export_1779056527.24.json	sAMY	m6	1415.5599	true	-0.0659	0.0000	0.0000	1415.5599	0.0000	0.0000	0.0000	0.0000	0.0000
670	ainf_export_1779056538.14.json	sAMY	m6	1415.8358	true	-0.0659	0.0000	-0.0000	1415.8358	0.0000	0.0000	0.0000	0.0000	0.0000
671	ainf_export_1779056549.17.json	sAMY	m6	1415.9462	true	-0.0659	0.0000	0.0000	1415.9462	0.0000	0.0000	0.0000	0.0000	0.0000
672	ainf_export_1779056560.16.json	sAMY	m6	1415.9586	true	-0.0659	0.0000	-0.0000	1415.9586	0.0000	0.0000	0.0000	0.0000	0.0000
673	ainf_export_1779056571.03.json	sAMY	m6	1415.9871	true	-0.0659	0.0000	-0.0000	1415.9871	0.0000	0.0000	0.0000	0.0000	0.0000
674	ainf_export_1779056581.96.json	sAMY	m6	1415.9955	true	-0.0659	0.0000	0.0000	1415.9955	0.0000	0.0000	0.0000	0.0000	0.0000
675	ainf_export_1779056592.78.json	sAMY	m6	1415.9960	true	-0.0659	0.0000	-0.0000	1415.9960	0.0000	0.0000	0.0000	0.0000	0.0000
676	ainf_export_1779056603.66.json	sAMY	m6	1415.9967	true	-0.0659	0.0000	-0.0000	1415.9967	0.0000	0.0000	0.0000	0.0000	0.0000
677	ainf_export_1779056614.49.json	sAMY	m6	1415.9972	true	-0.0693	0.0000	-0.0000	1415.9972	0.0000	0.0000	0.0000	0.0000	0.0000
678	ainf_export_1779056625.38.json	sAMY	m6	1415.9948	true	-0.0693	0.0000	-0.0000	1415.9948	0.0000	0.0000	0.0000	0.0000	0.0000
679	ainf_export_1779056636.27.json	sAMY	m6	1415.9896	true	-0.0693	0.0000	-0.0000	1415.9896	0.0000	0.0000	0.0000	0.0000	0.0000
680	ainf_export_1779056647.21.json	sAMY	m6	1415.9797	true	-0.0693	0.0000	0.0000	1415.9797	0.0000	0.0000	0.0000	0.0000	0.0000
681	ainf_export_1779056658.08.json	sAMY	m6	1415.9614	true	-0.0693	0.0000	-0.0000	1415.9614	0.0000	0.0000	0.0000	0.0000	0.0000
682	ainf_export_1779056668.96.json	sAMY	m6	1415.9298	true	-0.0693	0.0000	0.0000	1415.9298	0.0000	0.0000	0.0000	0.0000	0.0000
683	ainf_export_1779056679.95.json	sAMY	m6	1415.9416	true	-0.0693	0.0000	0.0000	1415.9416	0.0000	0.0000	0.0000	0.0000	0.0000
684	ainf_export_1779056690.85.json	sAMY	m6	1415.9526	true	-0.0693	0.0000	0.0000	1415.9526	0.0000	0.0000	0.0000	0.0000	0.0000
685	ainf_export_1779056701.71.json	sAMY	m6	1415.9030	true	-0.0693	0.0000	0.0000	1415.9030	0.0000	0.0000	0.0000	0.0000	0.0000
686	ainf_export_1779056712.54.json	sAMY	m6	1415.9654	true	-0.0693	0.0000	-0.0000	1415.9654	0.0000	0.0000	0.0000	0.0000	0.0000
687	ainf_export_1779056723.37.json	sAMY	m6	1415.9833	true	-0.0693	0.0000	-0.0000	1415.9833	0.0000	0.0000	0.0000	0.0000	0.0000
688	ainf_export_1779056734.18.json	sAMY	m6	1415.9813	true	-0.0693	0.0000	-0.0000	1415.9813	0.0000	0.0000	0.0000	0.0000	0.0000
689	ainf_export_1779056744.93.json	sAMY	m6	1415.9609	true	-0.0693	0.0000	0.0000	1415.9609	0.0000	0.0000	0.0000	0.0000	0.0000
690	ainf_export_1779056755.74.json	sAMY	m6	1415.9192	true	-0.0693	0.0000	-0.0000	1415.9192	0.0000	0.0000	0.0000	0.0000	0.0000
691	ainf_export_1779056766.44.json	sAMY	m6	1415.9735	true	-0.0693	0.0000	-0.0000	1415.9735	0.0000	0.0000	0.0000	0.0000	0.0000
692	ainf_export_1779056777.19.json	sAMY	m6	1415.9458	true	-0.0693	0.0000	-0.0000	1415.9458	0.0000	0.0000	0.0000	0.0000	0.0000
693	ainf_export_1779056788.02.json	sAMY	m6	1415.9555	true	-0.0693	0.0000	0.0000	1415.9555	0.0000	0.0000	0.0000	0.0000	0.0000
694	ainf_export_1779056798.76.json	sAMY	m6	1415.9157	true	-0.0693	0.0000	-0.0000	1415.9157	0.0000	0.0000	0.0000	0.0000	0.0000
695	ainf_export_1779056809.53.json	sAMY	m6	1415.8449	true	-0.0693	0.0000	-0.0000	1415.8449	0.0000	0.0000	0.0000	0.0000	0.0000
696	ainf_export_1779056820.27.json	sAMY	m6	1415.7068	true	-0.0693	0.0000	-0.0000	1415.7068	0.0000	0.0000	0.0000	0.0000	0.0000
697	ainf_export_1779056831.04.json	sAMY	m6	1415.8639	true	-0.0693	0.0000	-0.0000	1415.8639	0.0000	0.0000	0.0000	0.0000	0.0000
698	ainf_export_1779056841.79.json	sAMY	m6	1415.9423	true	-0.0693	0.0000	0.0000	1415.9423	0.0000	0.0000	0.0000	0.0000	0.0000
699	ainf_export_1779056852.53.json	sAMY	m6	1415.9799	true	-0.0693	0.0000	-0.0000	1415.9799	0.0000	0.0000	0.0000	0.0000	0.0000
700	ainf_export_1779056863.24.json	sAMY	m6	1415.9918	true	-0.0693	0.0000	-0.0000	1415.9918	0.0000	0.0000	0.0000	0.0000	0.0000
701	ainf_export_1779056873.96.json	sAMY	m6	1415.9840	true	-0.0693	0.0000	0.0000	1415.9840	0.0000	0.0000	0.0000	0.0000	0.0000
702	ainf_export_1779056884.70.json	sAMY	m6	1415.9866	true	-0.0693	0.0000	-0.0000	1415.9866	0.0000	0.0000	0.0000	0.0000	0.0000
703	ainf_export_1779056895.54.json	sAMY	m6	1415.9741	true	-0.0693	0.0000	-0.0000	1415.9741	0.0000	0.0000	0.0000	0.0000	0.0000
704	ainf_export_1779056906.30.json	sAMY	m6	1415.9502	true	-0.0693	0.0000	-0.0000	1415.9502	0.0000	0.0000	0.0000	0.0000	0.0000
705	ainf_export_1779056917.04.json	sAMY	m6	1415.9064	true	-0.0693	0.0000	0.0000	1415.9064	0.0000	0.0000	0.0000	0.0000	0.0000
706	ainf_export_1779056927.80.json	sAMY	m6	1415.8305	true	-0.0693	0.0000	0.0000	1415.8305	0.0000	0.0000	0.0000	0.0000	0.0000
707	ainf_export_1779056938.64.json	sAMY	m6	1415.6947	true	-0.0693	0.0000	0.0000	1415.6947	0.0000	0.0000	0.0000	0.0000	0.0000
708	ainf_export_1779056949.72.json	sAMY	m6	1415.7368	true	-0.0693	0.0000	-0.0000	1415.7368	0.0000	0.0000	0.0000	0.0000	0.0000
709	ainf_export_1779056960.45.json	sAMY	m6	1415.8866	true	-0.0693	0.0000	-0.0000	1415.8866	0.0000	0.0000	0.0000	0.0000	0.0000
710	ainf_export_1779056971.21.json	sAMY	m6	1415.9588	true	-0.0693	0.0000	-0.0000	1415.9588	0.0000	0.0000	0.0000	0.0000	0.0000
711	ainf_export_1779056981.98.json	sAMY	m6	1415.9862	true	-0.0693	0.0000	0.0000	1415.9862	0.0000	0.0000	0.0000	0.0000	0.0000
712	ainf_export_1779056992.78.json	sAMY	m6	1415.9737	true	-0.0693	0.0000	-0.0000	1415.9737	0.0000	0.0000	0.0000	0.0000	0.0000
713	ainf_export_1779057003.65.json	sAMY	m6	1415.9515	true	-0.0693	0.0000	0.0000	1415.9515	0.0000	0.0000	0.0000	0.0000	0.0000
714	ainf_export_1779057014.41.json	sAMY	m6	1415.9101	true	-0.0693	0.0000	0.0000	1415.9101	0.0000	0.0000	0.0000	0.0000	0.0000
715	ainf_export_1779057025.14.json	sAMY	m6	1415.9207	true	-0.0693	0.0000	-0.0000	1415.9207	0.0000	0.0000	0.0000	0.0000	0.0000
716	ainf_export_1779057035.97.json	sAMY	m6	1415.8520	true	-0.0693	0.0000	0.0000	1415.8520	0.0000	0.0000	0.0000	0.0000	0.0000
717	ainf_export_1779057046.64.json	sAMY	m6	1415.7214	true	-0.0693	0.0000	-0.0000	1415.7214	0.0000	0.0000	0.0000	0.0000	0.0000
718	ainf_export_1779057057.37.json	sAMY	m6	1415.7648	true	-0.0693	0.0000	0.0000	1415.7648	0.0000	0.0000	0.0000	0.0000	0.0000
719	ainf_export_1779057068.07.json	sAMY	m6	1415.5627	true	-0.0693	0.0000	0.0000	1415.5627	0.0000	0.0000	0.0000	0.0000	0.0000
720	ainf_export_1779057078.86.json	sAMY	m6	1415.2126	true	-0.0693	0.0000	-0.0000	1415.2126	0.0000	0.0000	0.0000	0.0000	0.0000
721	ainf_export_1779057089.59.json	sAMY	m6	1415.4069	true	-0.0693	0.0000	0.0000	1415.4069	0.0000	0.0000	0.0000	0.0000	0.0000
722	ainf_export_1779057100.28.json	sAMY	m6	1415.8732	true	-0.0693	0.0000	-0.0000	1415.8732	0.0000	0.0000	0.0000	0.0000	0.0000
723	ainf_export_1779057111.04.json	sAMY	m6	1415.9736	true	-0.0693	0.0000	-0.0000	1415.9736	0.0000	0.0000	0.0000	0.0000	0.0000
724	ainf_export_1779057121.79.json	sAMY	m6	1415.9912	true	-0.0693	0.0000	-0.0000	1415.9912	0.0000	0.0000	0.0000	0.0000	0.0000
725	ainf_export_1779057132.60.json	sAMY	m6	1415.9929	true	-0.0693	0.0000	-0.0000	1415.9929	0.0000	0.0000	0.0000	0.0000	0.0000
726	ainf_export_1779057143.35.json	sAMY	m6	1415.9851	true	-0.0693	0.0000	0.0000	1415.9851	0.0000	0.0000	0.0000	0.0000	0.0000
727	ainf_export_1779057154.20.json	sAMY	m6	1415.9693	true	-0.0703	0.0000	-0.0000	1415.9693	0.0000	0.0000	0.0000	0.0000	0.0000
728	ainf_export_1779057164.95.json	sAMY	m6	1415.9888	true	-0.0703	0.0000	-0.0000	1415.9888	0.0000	0.0000	0.0000	0.0000	0.0000
729	ainf_export_1779057175.69.json	sAMY	m6	1415.9789	true	-0.0703	0.0000	-0.0000	1415.9789	0.0000	0.0000	0.0000	0.0000	0.0000
730	ainf_export_1779057186.53.json	sAMY	m6	1415.9605	true	-0.0703	0.0000	-0.0000	1415.9605	0.0000	0.0000	0.0000	0.0000	0.0000
731	ainf_export_1779057197.32.json	sAMY	m6	1415.9261	true	-0.0703	0.0000	-0.0000	1415.9261	0.0000	0.0000	0.0000	0.0000	0.0000
732	ainf_export_1779057208.12.json	sAMY	m6	1415.8671	true	-0.0703	0.0000	0.0000	1415.8671	0.0000	0.0000	0.0000	0.0000	0.0000
733	ainf_export_1779057218.89.json	sAMY	m6	1415.9566	true	-0.0703	0.0000	-0.0000	1415.9566	0.0000	0.0000	0.0000	0.0000	0.0000
734	ainf_export_1779057229.70.json	sAMY	m6	1415.9649	true	-0.0703	0.0000	-0.0000	1415.9649	0.0000	0.0000	0.0000	0.0000	0.0000
735	ainf_export_1779057240.46.json	sAMY	m6	1415.9288	true	-0.0703	0.0000	-0.0000	1415.9288	0.0000	0.0000	0.0000	0.0000	0.0000
736	ainf_export_1779057251.19.json	sAMY	m6	1415.9728	true	-0.0703	0.0000	-0.0000	1415.9728	0.0000	0.0000	0.0000	0.0000	0.0000
737	ainf_export_1779057261.93.json	sAMY	m6	1415.9868	true	-0.0703	0.0000	-0.0000	1415.9868	0.0000	0.0000	0.0000	0.0000	0.0000
738	ainf_export_1779057272.69.json	sAMY	m6	1415.9944	true	-0.0703	0.0000	-0.0000	1415.9944	0.0000	0.0000	0.0000	0.0000	0.0000
739	ainf_export_1779057283.44.json	sAMY	m6	1415.9883	true	-0.0703	0.0000	-0.0000	1415.9883	0.0000	0.0000	0.0000	0.0000	0.0000
740	ainf_export_1779057294.20.json	sAMY	m6	1415.9757	true	-0.0703	0.0000	0.0000	1415.9757	0.0000	0.0000	0.0000	0.0000	0.0000
741	ainf_export_1779057304.96.json	sAMY	m6	1415.9909	true	-0.0703	0.0000	-0.0000	1415.9909	0.0000	0.0000	0.0000	0.0000	0.0000
742	ainf_export_1779057315.71.json	sAMY	m6	1415.9835	true	-0.0703	0.0000	0.0000	1415.9835	0.0000	0.0000	0.0000	0.0000	0.0000
743	ainf_export_1779057326.46.json	sAMY	m6	1415.9691	true	-0.0703	0.0000	0.0000	1415.9691	0.0000	0.0000	0.0000	0.0000	0.0000
744	ainf_export_1779057337.12.json	sAMY	m6	1415.9419	true	-0.0703	0.0000	0.0000	1415.9419	0.0000	0.0000	0.0000	0.0000	0.0000
745	ainf_export_1779057347.77.json	sAMY	m6	1415.8877	true	-0.0703	0.0000	0.0000	1415.8877	0.0000	0.0000	0.0000	0.0000	0.0000
746	ainf_export_1779057358.46.json	sAMY	m6	1415.9046	true	-0.0703	0.0000	-0.0000	1415.9046	0.0000	0.0000	0.0000	0.0000	0.0000
747	ainf_export_1779057369.10.json	sAMY	m6	1415.8015	true	-0.0703	0.0000	0.0000	1415.8015	0.0000	0.0000	0.0000	0.0000	0.0000
748	ainf_export_1779057379.81.json	sAMY	m6	1415.5905	true	-0.0703	0.0000	-0.0000	1415.5905	0.0000	0.0000	0.0000	0.0000	0.0000
749	ainf_export_1779057390.53.json	sAMY	m6	1415.8141	true	-0.0703	0.0000	-0.0000	1415.8141	0.0000	0.0000	0.0000	0.0000	0.0000
750	ainf_export_1779057401.27.json	sAMY	m6	1415.9360	true	-0.0703	0.0000	-0.0000	1415.9360	0.0000	0.0000	0.0000	0.0000	0.0000
751	ainf_export_1779057411.99.json	sAMY	m6	1415.8610	true	-0.0703	0.0000	-0.0000	1415.8610	0.0000	0.0000	0.0000	0.0000	0.0000
752	ainf_export_1779057422.86.json	sAMY	m6	1415.7148	true	-0.0703	0.0000	0.0000	1415.7148	0.0000	0.0000	0.0000	0.0000	0.0000
753	ainf_export_1779057433.67.json	sAMY	m6	1415.7665	true	-0.0703	0.0000	-0.0000	1415.7665	0.0000	0.0000	0.0000	0.0000	0.0000
754	ainf_export_1779057444.44.json	sAMY	m6	1415.7995	true	-0.0703	0.0000	0.0000	1415.7995	0.0000	0.0000	0.0000	0.0000	0.0000
755	ainf_export_1779057455.19.json	sAMY	m6	1415.8200	true	-0.0703	0.0000	0.0000	1415.8200	0.0000	0.0000	0.0000	0.0000	0.0000
756	ainf_export_1779057465.91.json	sAMY	m6	1415.9159	true	-0.0703	0.0000	0.0000	1415.9159	0.0000	0.0000	0.0000	0.0000	0.0000
757	ainf_export_1779057476.70.json	sAMY	m6	1415.9253	true	-0.0703	0.0000	-0.0000	1415.9253	0.0000	0.0000	0.0000	0.0000	0.0000
758	ainf_export_1779057487.46.json	sAMY	m6	1415.8591	true	-0.0703	0.0000	0.0000	1415.8591	0.0000	0.0000	0.0000	0.0000	0.0000
759	ainf_export_1779057498.34.json	sAMY	m6	1415.7384	true	-0.0703	0.0000	-0.0000	1415.7384	0.0000	0.0000	0.0000	0.0000	0.0000
760	ainf_export_1779057509.10.json	sAMY	m6	1415.4970	true	-0.0703	0.0000	-0.0000	1415.4970	0.0000	0.0000	0.0000	0.0000	0.0000
761	ainf_export_1779057519.80.json	sAMY	m6	1415.5860	true	-0.0703	0.0000	-0.0000	1415.5860	0.0000	0.0000	0.0000	0.0000	0.0000
762	ainf_export_1779057530.70.json	sAMY	m6	1415.7907	true	-0.0703	0.0000	0.0000	1415.7907	0.0000	0.0000	0.0000	0.0000	0.0000
763	ainf_export_1779057541.49.json	sAMY	m6	1415.9106	true	-0.0703	0.0000	0.0000	1415.9106	0.0000	0.0000	0.0000	0.0000	0.0000
764	ainf_export_1779057552.30.json	sAMY	m6	1415.9666	true	-0.0703	0.0000	-0.0000	1415.9666	0.0000	0.0000	0.0000	0.0000	0.0000
765	ainf_export_1779057563.27.json	sAMY	m6	1415.9869	true	-0.0703	0.0000	-0.0000	1415.9869	0.0000	0.0000	0.0000	0.0000	0.0000
766	ainf_export_1779057573.98.json	sAMY	m6	1415.9759	true	-0.0703	0.0000	-0.0000	1415.9759	0.0000	0.0000	0.0000	0.0000	0.0000
767	ainf_export_1779057584.69.json	sAMY	m6	1415.9537	true	-0.0703	0.0000	0.0000	1415.9537	0.0000	0.0000	0.0000	0.0000	0.0000
768	ainf_export_1779057595.31.json	sAMY	m6	1415.9616	true	-0.0703	0.0000	-0.0000	1415.9616	0.0000	0.0000	0.0000	0.0000	0.0000
769	ainf_export_1779057606.20.json	sAMY	m6	1415.9278	true	-0.0703	0.0000	-0.0000	1415.9278	0.0000	0.0000	0.0000	0.0000	0.0000
770	ainf_export_1779057616.92.json	sAMY	m6	1415.8664	true	-0.0703	0.0000	-0.0000	1415.8664	0.0000	0.0000	0.0000	0.0000	0.0000
771	ainf_export_1779057627.67.json	sAMY	m6	1415.7542	true	-0.0703	0.0000	-0.0000	1415.7542	0.0000	0.0000	0.0000	0.0000	0.0000
772	ainf_export_1779057638.50.json	sAMY	m6	1415.5514	true	-0.0703	0.0000	0.0000	1415.5514	0.0000	0.0000	0.0000	0.0000	0.0000
773	ainf_export_1779057649.27.json	sAMY	m6	1415.6341	true	-0.0703	0.0000	-0.0000	1415.6341	0.0000	0.0000	0.0000	0.0000	0.0000
774	ainf_export_1779057660.04.json	sAMY	m6	1415.6853	true	-0.0703	0.0000	-0.0000	1415.6853	0.0000	0.0000	0.0000	0.0000	0.0000
775	ainf_export_1779057670.96.json	sAMY	m6	1415.4236	true	-0.0703	0.0000	0.0000	1415.4236	0.0000	0.0000	0.0000	0.0000	0.0000
776	ainf_export_1779057681.71.json	sAMY	m6	1415.5186	true	-0.0703	0.0000	0.0000	1415.5186	0.0000	0.0000	0.0000	0.0000	0.0000
777	ainf_export_1779057692.43.json	sAMY	m6	1415.8109	true	-0.0710	0.0000	0.0000	1415.8109	0.0000	0.0000	0.0000	0.0000	0.0000
778	ainf_export_1779057703.03.json	sAMY	m6	1415.9260	true	-0.0710	0.0000	-0.0000	1415.9260	0.0000	0.0000	0.0000	0.0000	0.0000
779	ainf_export_1779057713.66.json	sAMY	m6	1415.9721	true	-0.0710	0.0000	-0.0000	1415.9721	0.0000	0.0000	0.0000	0.0000	0.0000
780	ainf_export_1779057724.28.json	sAMY	m6	1415.9889	true	-0.0710	0.0000	0.0000	1415.9889	0.0000	0.0000	0.0000	0.0000	0.0000
781	ainf_export_1779057734.87.json	sAMY	m6	1415.9911	true	-0.0710	0.0000	0.0000	1415.9911	0.0000	0.0000	0.0000	0.0000	0.0000
782	ainf_export_1779057745.65.json	sAMY	m6	1415.9833	true	-0.0710	0.0000	0.0000	1415.9833	0.0000	0.0000	0.0000	0.0000	0.0000
783	ainf_export_1779057756.41.json	sAMY	m6	1415.9675	true	-0.0710	0.0000	-0.0000	1415.9675	0.0000	0.0000	0.0000	0.0000	0.0000
784	ainf_export_1779057767.05.json	sAMY	m6	1415.9336	true	-0.0710	0.0000	-0.0000	1415.9336	0.0000	0.0000	0.0000	0.0000	0.0000
785	ainf_export_1779057777.65.json	sAMY	m6	1415.8672	true	-0.0710	0.0000	0.0000	1415.8672	0.0000	0.0000	0.0000	0.0000	0.0000
786	ainf_export_1779057788.26.json	sAMY	m6	1415.7507	true	-0.0710	0.0000	0.0000	1415.7507	0.0000	0.0000	0.0000	0.0000	0.0000
787	ainf_export_1779057798.91.json	sAMY	m6	1415.5339	true	-0.0710	0.0000	0.0000	1415.5339	0.0000	0.0000	0.0000	0.0000	0.0000
788	ainf_export_1779057809.58.json	sAMY	m6	1415.8234	true	-0.0710	0.0000	-0.0000	1415.8234	0.0000	0.0000	0.0000	0.0000	0.0000
789	ainf_export_1779057820.27.json	sAMY	m6	1415.7233	true	-0.0710	0.0000	-0.0000	1415.7233	0.0000	0.0000	0.0000	0.0000	0.0000
790	ainf_export_1779057830.98.json	sAMY	m6	1415.5169	true	-0.0710	0.0000	0.0000	1415.5169	0.0000	0.0000	0.0000	0.0000	0.0000
791	ainf_export_1779057841.67.json	sAMY	m6	1415.6377	true	-0.0710	0.0000	-0.0000	1415.6377	0.0000	0.0000	0.0000	0.0000	0.0000
792	ainf_export_1779057852.38.json	sAMY	m6	1415.9054	true	-0.0710	0.0000	-0.0000	1415.9054	0.0000	0.0000	0.0000	0.0000	0.0000
793	ainf_export_1779057863.22.json	sAMY	m6	1415.9581	true	-0.0710	0.0000	-0.0000	1415.9581	0.0000	0.0000	0.0000	0.0000	0.0000
794	ainf_export_1779057873.85.json	sAMY	m6	1415.9624	true	-0.0710	0.0000	0.0000	1415.9624	0.0000	0.0000	0.0000	0.0000	0.0000
795	ainf_export_1779057884.57.json	sAMY	m6	1415.9320	true	-0.0710	0.0000	0.0000	1415.9320	0.0000	0.0000	0.0000	0.0000	0.0000
796	ainf_export_1779057895.30.json	sAMY	m6	1415.9446	true	-0.0710	0.0000	0.0000	1415.9446	0.0000	0.0000	0.0000	0.0000	0.0000
797	ainf_export_1779057906.02.json	sAMY	m6	1415.9799	true	-0.0710	0.0000	-0.0000	1415.9799	0.0000	0.0000	0.0000	0.0000	0.0000
798	ainf_export_1779057916.74.json	sAMY	m6	1415.9920	true	-0.0710	0.0000	-0.0000	1415.9920	0.0000	0.0000	0.0000	0.0000	0.0000
799	ainf_export_1779057927.45.json	sAMY	m6	1415.9843	true	-0.0710	0.0000	-0.0000	1415.9843	0.0000	0.0000	0.0000	0.0000	0.0000
800	ainf_export_HY_1779058151.29.json	sAMY	m6	1415.9787	true	-0.0710	0.0000	-0.0000	1415.9787	0.0000	0.0000	0.0000	0.0000	0.0000
801	ainf_export_sAMY_1779049250.63.json	sAMY	m6	2854178482668108.5000	true	-0.0710	0.0000	0.0000	2854178482668108.5000	0.0000	0.0000	0.0000	0.0000	0.0000
